#pragma once

#include <Arduino.h>

static const uint8_t kDefaultStartupJpeg[] PROGMEM = {
    0xFF, 0xD8, 0xFF, 0xE0, 0x00, 0x10, 0x4A, 0x46, 0x49, 0x46, 0x00, 0x01, 0x01, 0x00, 0x00, 0x01,
    0x00, 0x01, 0x00, 0x00, 0xFF, 0xDB, 0x00, 0x43, 0x00, 0x03, 0x02, 0x02, 0x03, 0x02, 0x02, 0x03,
    0x03, 0x03, 0x03, 0x04, 0x03, 0x03, 0x04, 0x05, 0x08, 0x05, 0x05, 0x04, 0x04, 0x05, 0x0A, 0x07,
    0x07, 0x06, 0x08, 0x0C, 0x0A, 0x0C, 0x0C, 0x0B, 0x0A, 0x0B, 0x0B, 0x0D, 0x0E, 0x12, 0x10, 0x0D,
    0x0E, 0x11, 0x0E, 0x0B, 0x0B, 0x10, 0x16, 0x10, 0x11, 0x13, 0x14, 0x15, 0x15, 0x15, 0x0C, 0x0F,
    0x17, 0x18, 0x16, 0x14, 0x18, 0x12, 0x14, 0x15, 0x14, 0xFF, 0xDB, 0x00, 0x43, 0x01, 0x03, 0x04,
    0x04, 0x05, 0x04, 0x05, 0x09, 0x05, 0x05, 0x09, 0x14, 0x0D, 0x0B, 0x0D, 0x14, 0x14, 0x14, 0x14,
    0x14, 0x14, 0x14, 0x14, 0x14, 0x14, 0x14, 0x14, 0x14, 0x14, 0x14, 0x14, 0x14, 0x14, 0x14, 0x14,
    0x14, 0x14, 0x14, 0x14, 0x14, 0x14, 0x14, 0x14, 0x14, 0x14, 0x14, 0x14, 0x14, 0x14, 0x14, 0x14,
    0x14, 0x14, 0x14, 0x14, 0x14, 0x14, 0x14, 0x14, 0x14, 0x14, 0x14, 0x14, 0x14, 0x14, 0xFF, 0xC0,
    0x00, 0x11, 0x08, 0x00, 0xF0, 0x01, 0x40, 0x03, 0x01, 0x11, 0x00, 0x02, 0x11, 0x01, 0x03, 0x11,
    0x01, 0xFF, 0xC4, 0x00, 0x1D, 0x00, 0x01, 0x00, 0x01, 0x05, 0x01, 0x01, 0x01, 0x00, 0x00, 0x00,
    0x00, 0x00, 0x00, 0x00, 0x00, 0x00, 0x00, 0x01, 0x02, 0x04, 0x05, 0x06, 0x07, 0x03, 0x08, 0x09,
    0xFF, 0xC4, 0x00, 0x62, 0x10, 0x00, 0x01, 0x03, 0x03, 0x02, 0x01, 0x05, 0x03, 0x15, 0x0A, 0x0A,
    0x08, 0x03, 0x09, 0x00, 0x00, 0x01, 0x00, 0x02, 0x03, 0x04, 0x05, 0x11, 0x06, 0x07, 0x12, 0x08,
    0x13, 0x21, 0x31, 0x51, 0x14, 0x41, 0x93, 0x15, 0x16, 0x17, 0x22, 0x32, 0x38, 0x52, 0x53, 0x54,
    0x57, 0x61, 0x71, 0x72, 0x73, 0x95, 0xA1, 0xA6, 0xB1, 0xB4, 0xD2, 0xE1, 0x18, 0x24, 0x33, 0x42,
    0x64, 0x67, 0x81, 0x91, 0xA4, 0xE3, 0x09, 0x23, 0x37, 0x47, 0x62, 0x63, 0x92, 0xA2, 0xD3, 0xE2,
    0x34, 0x43, 0x44, 0x56, 0x75, 0x96, 0xB3, 0xD1, 0x55, 0x58, 0x84, 0x26, 0x35, 0x66, 0x82, 0x85,
    0xA3, 0xA5, 0xC1, 0xF1, 0xFF, 0xC4, 0x00, 0x1C, 0x01, 0x01, 0x00, 0x02, 0x03, 0x01, 0x01, 0x01,
    0x00, 0x00, 0x00, 0x00, 0x00, 0x00, 0x00, 0x00, 0x00, 0x00, 0x01, 0x02, 0x03, 0x04, 0x05, 0x06,
    0x07, 0x08, 0xFF, 0xC4, 0x00, 0x4B, 0x11, 0x00, 0x02, 0x01, 0x02, 0x01, 0x06, 0x07, 0x0D, 0x06,
    0x02, 0x08, 0x07, 0x01, 0x00, 0x00, 0x00, 0x00, 0x01, 0x02, 0x03, 0x11, 0x21, 0x04, 0x05, 0x12,
    0x13, 0x31, 0x51, 0x06, 0x22, 0x41, 0x61, 0x63, 0x71, 0xA2, 0x14, 0x15, 0x35, 0x52, 0x54, 0x82,
    0x91, 0x92, 0xA1, 0xB1, 0xB2, 0xD1, 0xE1, 0x16, 0x32, 0x64, 0x81, 0x93, 0xA3, 0x62, 0xC1, 0x33,
    0x34, 0x42, 0x53, 0x72, 0x73, 0xE2, 0xF0, 0x07, 0x23, 0x24, 0x55, 0x94, 0xD2, 0xF1, 0x83, 0xFF,
    0xDA, 0x00, 0x0C, 0x03, 0x01, 0x00, 0x02, 0x11, 0x03, 0x11, 0x00, 0x3F, 0x00, 0xFC, 0xD4, 0x5D,
    0x83, 0x9D, 0x70, 0x84, 0x04, 0x20, 0x90, 0x32, 0x80, 0xA9, 0x4E, 0xC0, 0x14, 0x02, 0xA0, 0x15,
    0xAC, 0x09, 0x52, 0x02, 0x02, 0x40, 0x42, 0x2E, 0x4A, 0x10, 0x10, 0x15, 0x00, 0x80, 0x94, 0x01,
    0x4D, 0x81, 0x20, 0x65, 0x49, 0x04, 0xF5, 0x20, 0x25, 0x09, 0x08, 0x56, 0xE1, 0x08, 0x24, 0x05,
    0x6B, 0x02, 0x54, 0x5C, 0x05, 0x36, 0x01, 0x48, 0x2A, 0x03, 0x08, 0x56, 0xE4, 0xA1, 0x01, 0x01,
    0x50, 0x18, 0x40, 0x4A, 0x01, 0x8C, 0xA0, 0x2A, 0x03, 0x0A, 0xD6, 0x22, 0xE1, 0x49, 0x01, 0x00,
    0x40, 0x54, 0x02, 0x02, 0x50, 0x80, 0x85, 0x49, 0x03, 0x28, 0x4D, 0x89, 0x53, 0xB0, 0x9D, 0x84,
    0xA8, 0x2A, 0x60, 0x56, 0xA1, 0xBA, 0x10, 0x15, 0x00, 0x80, 0x95, 0x20, 0x01, 0x94, 0x05, 0x40,
    0x61, 0x48, 0x25, 0x48, 0x08, 0x09, 0x03, 0x08, 0x45, 0xC9, 0x42, 0x09, 0x40, 0x48, 0x18, 0x40,
    0x4A, 0x00, 0xAC, 0x41, 0x20, 0x28, 0x05, 0x4A, 0x49, 0x08, 0x40, 0x42, 0x00, 0x19, 0x52, 0x41,
    0x50, 0x18, 0x53, 0xB0, 0x05, 0x1B, 0x40, 0x56, 0x04, 0x81, 0x94, 0x20, 0xA8, 0x0C, 0x21, 0x01,
    0x08, 0x24, 0x0C, 0xA0, 0x27, 0x18, 0x40, 0x4A, 0x00, 0x06, 0x50, 0x15, 0x2B, 0x15, 0x0A, 0x40,
    0x40, 0x48, 0x19, 0x40, 0x54, 0x06, 0x10, 0x04, 0x22, 0xE1, 0x0A, 0x92, 0x02, 0x13, 0x62, 0xA5,
    0x22, 0xE1, 0x41, 0x01, 0x58, 0x18, 0x20, 0x32, 0xB4, 0x8D, 0xD2, 0x40, 0xC2, 0x90, 0x4A, 0x02,
    0x40, 0x4B, 0x02, 0xA5, 0x60, 0x10, 0x00, 0x32, 0x80, 0xA8, 0x0C, 0x21, 0x50, 0x80, 0x90, 0x32,
    0x80, 0xAB, 0x18, 0x40, 0x14, 0xD8, 0x0E, 0xB5, 0x24, 0x15, 0x01, 0x85, 0x1B, 0x41, 0x2A, 0x49,
    0x08, 0x45, 0xC2, 0x15, 0x24, 0x05, 0x36, 0x04, 0xA9, 0xB8, 0x0A, 0x2C, 0x02, 0xB0, 0x24, 0x04,
    0x22, 0xE5, 0x48, 0x54, 0x20, 0x24, 0x04, 0x05, 0x48, 0x02, 0x02, 0x40, 0x53, 0x62, 0x2E, 0x4A,
    0xB1, 0x01, 0x00, 0x40, 0x48, 0x08, 0x0A, 0x90, 0x04, 0x2B, 0x71, 0xD6, 0x84, 0x15, 0x01, 0x85,
    0x25, 0xB6, 0x12, 0xA0, 0x8B, 0x85, 0x36, 0x20, 0x75, 0xA9, 0x05, 0x40, 0x61, 0x01, 0x82, 0x5A,
    0x7B, 0x0D, 0xD0, 0xA0, 0x15, 0x00, 0xAD, 0x60, 0x4A, 0x90, 0x10, 0x12, 0x02, 0x11, 0x72, 0x50,
    0x80, 0x80, 0xA8, 0x04, 0x04, 0xA0, 0x0A, 0x6C, 0x09, 0x03, 0x2A, 0x48, 0x27, 0xA9, 0x01, 0x28,
    0x48, 0x42, 0xB7, 0x08, 0x41, 0x20, 0x2B, 0x58, 0x12, 0xA2, 0xE0, 0x29, 0xB0, 0x0A, 0x41, 0x50,
    0x18, 0x42, 0xB7, 0x25, 0x08, 0x08, 0x0A, 0x80, 0xC2, 0x02, 0x50, 0x0C, 0x65, 0x01, 0x50, 0x18,
    0x56, 0xB1, 0x17, 0x0A, 0x48, 0x08, 0x02, 0x02, 0xA0, 0x10, 0x12, 0x84, 0x04, 0x2A, 0x48, 0x19,
    0x42, 0x6C, 0x4F, 0x52, 0x9D, 0x84, 0xEC, 0x2E, 0x19, 0x4C, 0x39, 0xB1, 0x24, 0xB2, 0x08, 0x9A,
    0xEF, 0x33, 0x91, 0x92, 0xEF, 0x67, 0x1D, 0x8A, 0xD6, 0xBE, 0x2C, 0xC4, 0xE5, 0x8D, 0x91, 0x3C,
    0xC4, 0x1E, 0xA9, 0xFE, 0xE1, 0x53, 0xA2, 0xB7, 0x91, 0x79, 0x6E, 0x02, 0x9E, 0x03, 0xFE, 0xD3,
    0xFD, 0xC2, 0xA6, 0xCB, 0x78, 0xD2, 0x96, 0xE2, 0xAE, 0x62, 0x01, 0xFE, 0xD1, 0xFD, 0xC2, 0x96,
    0x5B, 0xC6, 0x94, 0xB7, 0x0E, 0x66, 0x0F, 0x54, 0x7F, 0x70, 0xA5, 0x96, 0xF1, 0xA5, 0x2D, 0xC6,
    0x0C, 0x51, 0x67, 0xFD, 0x7C, 0x3F, 0xDB, 0x5A, 0x5A, 0x1C, 0xE6, 0xF6, 0x9F, 0x33, 0x24, 0x51,
    0x63, 0xFD, 0x7C, 0x3F, 0xDB, 0x56, 0xD1, 0xE7, 0x23, 0x4F, 0x99, 0x93, 0xDC, 0x7F, 0xD7, 0xC3,
    0xFD, 0xB4, 0xD1, 0xE7, 0x1A, 0x7C, 0xCC, 0x77, 0x17, 0xF5, 0xF0, 0xFF, 0x00, 0x6D, 0x34, 0x79,
    0xC6, 0x9F, 0x33, 0x2A, 0x6D, 0x03, 0x9C, 0x70, 0xD9, 0x22, 0x7B, 0xBB, 0xCD, 0x6B, 0xFA, 0x4F,
    0xB4, 0x9A, 0x24, 0x3A, 0x8B, 0x95, 0x1E, 0x04, 0x60, 0xE0, 0xF5, 0xAA, 0x97, 0x36, 0xFD, 0xBB,
    0xDA, 0xFB, 0xBE, 0xE3, 0xD5, 0x55, 0x77, 0x1B, 0xA0, 0xA1, 0xB6, 0x51, 0x33, 0x9D, 0xAE, 0xBA,
    0xD7, 0x49, 0xCD, 0xD3, 0x52, 0xB3, 0xB5, 0xEF, 0xED, 0xE8, 0x38, 0x03, 0xA7, 0xF4, 0x64, 0x8D,
    0xEC, 0x97, 0x23, 0xA9, 0x95, 0xB7, 0xA3, 0x84, 0x56, 0xD6, 0xF6, 0x23, 0x93, 0x9C, 0x33, 0x95,
    0x1C, 0xDF, 0x15, 0xA7, 0x79, 0x4A, 0x58, 0x46, 0x2B, 0x19, 0x37, 0xCC, 0x8D, 0xB2, 0x5B, 0x36,
    0xCA, 0x69, 0xF7, 0x9A, 0x6A, 0xED, 0x47, 0xAA, 0xB5, 0x24, 0xEC, 0xE8, 0x7D, 0x4D, 0x92, 0x8E,
    0x18, 0x21, 0x27, 0xFA, 0x22, 0x63, 0x92, 0x3D, 0x9E, 0xFA, 0xDE, 0x74, 0xF3, 0x5D, 0x2E, 0x2C,
    0xEA, 0x4E, 0x4F, 0x7C, 0x52, 0x4B, 0xDA, 0x72, 0xD5, 0x5C, 0xFD, 0x5D, 0x69, 0x53, 0xA5, 0x4E,
    0x9A, 0xDD, 0x37, 0x26, 0xFB, 0x25, 0x3C, 0xFE, 0xC3, 0xF6, 0x6E, 0x2F, 0xEC, 0x0A, 0x2F, 0x9A,
    0x7A, 0x4E, 0xC9, 0x6D, 0x1E, 0x10, 0xF4, 0x3D, 0xB1, 0xCF, 0xEC, 0x3F, 0x66, 0xE2, 0xFE, 0xC0,
    0x97, 0xCD, 0x3D, 0x27, 0x64, 0x68, 0xF0, 0x87, 0xA1, 0xED, 0x8E, 0x7F, 0x61, 0xFB, 0x37, 0x17,
    0xF6, 0x05, 0x3A, 0x59, 0xA7, 0xA4, 0xEC, 0x91, 0xA3, 0xC2, 0x1E, 0x87, 0xB6, 0x4F, 0x74, 0x6C,
    0x3F, 0x66, 0xE2, 0xFE, 0xC0, 0xA2, 0xF9, 0xA7, 0xA4, 0xEC, 0x93, 0xA3, 0xC2, 0x1E, 0x87, 0xB6,
    0x3B, 0xA3, 0x61, 0xFB, 0x37, 0x17, 0xF6, 0x05, 0x3A, 0x59, 0xA7, 0xA4, 0xEC, 0x8D, 0x1E, 0x10,
    0xF4, 0x3D, 0xB1, 0xDD, 0x1B, 0x0F, 0xD9, 0xB8, 0xBF, 0xB0, 0x26, 0x96, 0x69, 0xE9, 0x3B, 0x24,
    0x68, 0xF0, 0x87, 0xA1, 0xED, 0x8E, 0xE8, 0xD8, 0x7E, 0xCD, 0xC5, 0xFD, 0x81, 0x34, 0xB3, 0x4F,
    0x49, 0xD9, 0x1A, 0x1C, 0x21, 0xE8, 0x7B, 0x60, 0x54, 0xEC, 0x38, 0xEF, 0x6E, 0x2F, 0xEC, 0x09,
    0xA5, 0x9A, 0x7A, 0x4E, 0xC8, 0xD0, 0xE1, 0x0F, 0x43, 0xDB, 0x27, 0xBA, 0xB6, 0x23, 0xB3, 0x71,
    0x7F, 0x60, 0x4D, 0x2C, 0xD3, 0xD2, 0x76, 0x46, 0x87, 0x08, 0x7A, 0x1E, 0xD8, 0xEE, 0xAD, 0x88,
    0xEC, 0xDC, 0x5F, 0xD8, 0x13, 0x4B, 0x34, 0xF4, 0x9D, 0x91, 0xA1, 0xC2, 0x1E, 0x87, 0xB6, 0x3B,
    0xAB, 0x62, 0x3B, 0x37, 0x17, 0xF6, 0x05, 0x3A, 0x79, 0xA7, 0xA4, 0xEC, 0x8D, 0x0E, 0x10, 0xF4,
    0x3D, 0xB0, 0x2A, 0xF6, 0x20, 0x77, 0xB7, 0x13, 0xF6, 0x04, 0xD2, 0xCD, 0x3D, 0x27, 0x64, 0x8D,
    0x0E, 0x10, 0xF4, 0x3D, 0xB2, 0x7B, 0xB3, 0x62, 0x3B, 0x37, 0x13, 0xF6, 0x04, 0xD3, 0xCD, 0x3D,
    0x27, 0x64, 0x68, 0x70, 0x87, 0xA1, 0xED, 0x8E, 0xEC, 0xD8, 0x8E, 0xCD, 0xC4, 0xFD, 0x81, 0x34,
    0xF3, 0x4F, 0x49, 0xD9, 0x1A, 0x1C, 0x21, 0xE8, 0x7B, 0x63, 0xBB, 0x76, 0x20, 0x77, 0xB7, 0x13,
    0xF5, 0x50, 0x26, 0x9E, 0x69, 0xE9, 0x3B, 0x23, 0x43, 0x84, 0x3D, 0x0F, 0x6C, 0x9E, 0xED, 0xD8,
    0x9E, 0xCD, 0xC4, 0xFD, 0x54, 0x09, 0xA7, 0x9A, 0x7A, 0x4E, 0xC8, 0xD0, 0xE1, 0x0F, 0x43, 0xDB,
    0x1D, 0xDB, 0xB1, 0x3D, 0x9B, 0x89, 0xFA, 0xA8, 0x13, 0x4F, 0x34, 0xF4, 0x9D, 0x91, 0xA1, 0xC2,
    0x1E, 0x87, 0xB6, 0x3B, 0xBF, 0x62, 0x7D, 0x0E, 0xE2, 0x7E, 0xAA, 0x04, 0xD3, 0xCD, 0x3D, 0x27,
    0x64, 0x8D, 0x5F, 0x08, 0x7A, 0x1E, 0xD9, 0x3D, 0xDF, 0xB1, 0x3D, 0x9B, 0x89, 0xFA, 0xA8, 0x14,
    0xE9, 0xE6, 0xAE, 0x93, 0xB2, 0x35, 0x7C, 0x21, 0xE8, 0x7B, 0x63, 0xBB, 0xF6, 0x27, 0xB3, 0x71,
    0x3F, 0x55, 0x02, 0x69, 0xE6, 0xAE, 0x93, 0xB2, 0x35, 0x7C, 0x21, 0xE8, 0x7B, 0x63, 0xBB, 0xF6,
    0x27, 0xB3, 0x71, 0x3F, 0x55, 0x02, 0x69, 0xE6, 0xAE, 0x93, 0xB2, 0x35, 0x7C, 0x21, 0xE8, 0x7B,
    0x60, 0x5C, 0x36, 0x24, 0x7E, 0x2E, 0xE2, 0x7E, 0xAA, 0x04, 0xD3, 0xCD, 0x5D, 0x27, 0x64, 0x6A,
    0xF8, 0x43, 0xD0, 0xF6, 0xC9, 0xF1, 0x47, 0x62, 0x7D, 0x0E, 0xE2, 0x7E, 0xAA, 0x04, 0xD3, 0xCD,
    0x5D, 0x27, 0x64, 0x6A, 0xF8, 0x43, 0xD0, 0xF6, 0xC7, 0x8A, 0x3B, 0x13, 0xE8, 0x77, 0x13, 0xF5,
    0x50, 0x26, 0x9E, 0x6A, 0xE9, 0x3B, 0x24, 0x6A, 0xB8, 0x41, 0xD0, 0xF6, 0xCF, 0x5A, 0x6B, 0x6E,
    0xCC, 0xEA, 0x59, 0x05, 0x25, 0xB7, 0x52, 0x6A, 0x5D, 0x35, 0x54, 0xF3, 0x88, 0xEA, 0x35, 0x05,
    0x2C, 0x32, 0xD3, 0x93, 0xDE, 0x0E, 0x30, 0x9C, 0xB4, 0x7B, 0x27, 0xA0, 0x29, 0x51, 0xCD, 0x95,
    0xB8, 0xB0, 0xA9, 0x28, 0x3F, 0xE2, 0x49, 0xAF, 0x61, 0x49, 0x4F, 0x3E, 0x64, 0xCB, 0x4E, 0xAD,
    0x18, 0x54, 0x5B, 0xA0, 0xDA, 0x7D, 0xAD, 0xBD, 0x46, 0xAD, 0xAF, 0x36, 0xF2, 0xEF, 0xB7, 0x77,
    0x38, 0xE9, 0x6E, 0x71, 0xC7, 0x24, 0x35, 0x0C, 0xE7, 0x69, 0x2B, 0xA9, 0x5F, 0xCE, 0x53, 0xD5,
    0x46, 0x7A, 0x9F, 0x1B, 0xFB, 0xE3, 0xA4, 0x7B, 0x23, 0x23, 0xB4, 0x2D, 0x4C, 0xA7, 0x25, 0xA9,
    0x92, 0x49, 0x46, 0x7C, 0xBB, 0x1A, 0xD8, 0xFA, 0x8E, 0xA6, 0x43, 0x9C, 0x28, 0xE7, 0x0A, 0x6E,
    0x74, 0x76, 0xAC, 0x1A, 0x78, 0x34, 0xF7, 0x34, 0x60, 0x62, 0x89, 0xB1, 0x46, 0x26, 0x98, 0x65,
    0xA7, 0xCC, 0x47, 0xE8, 0xFE, 0xC5, 0xAC, 0x97, 0x2B, 0x37, 0x1B, 0x6D, 0xE8, 0xC4, 0xF2, 0x96,
    0x57, 0x4F, 0x21, 0x7B, 0xCE, 0x49, 0xF8, 0xBD, 0x84, 0x78, 0xE2, 0x5D, 0x24, 0x95, 0x91, 0x48,
    0x0A, 0x09, 0x25, 0x00, 0x40, 0x09, 0xC2, 0x03, 0x0A, 0xB5, 0x4D, 0xD0, 0x80, 0x01, 0x94, 0x05,
    0x40, 0x61, 0x0A, 0x92, 0x0E, 0x0A, 0x02, 0xEF, 0x02, 0xE0, 0x3B, 0x2A, 0x47, 0xFF, 0x00, 0x73,
    0xFC, 0xDF, 0x3F, 0xB7, 0xD7, 0x93, 0xEF, 0x75, 0x98, 0xBE, 0xE7, 0x57, 0xB8, 0xEA, 0xDB, 0xEB,
    0x5E, 0xFD, 0x0B, 0x62, 0xD3, 0xDB, 0x67, 0x6E, 0x26, 0x9E, 0x96, 0x86, 0x92, 0x2A, 0xFB, 0xBF,
    0x07, 0x41, 0xAA, 0xAE, 0x95, 0xA1, 0xE4, 0xBF, 0xB4, 0x31, 0xA5, 0xBC, 0x3E, 0xD8, 0xEC, 0x0B,
    0xB3, 0x9C, 0xA4, 0xF2, 0x68, 0x43, 0x21, 0x86, 0x09, 0x24, 0xE5, 0xCF, 0x27, 0x8F, 0xB3, 0x90,
    0xF2, 0xF9, 0x92, 0x9A, 0xCB, 0x6A, 0xD5, 0xCE, 0xB5, 0x71, 0x72, 0x6E, 0x30, 0xE6, 0x82, 0xC3,
    0x0E, 0xBE, 0x5F, 0xAB, 0x34, 0x6B, 0x56, 0x8C, 0x81, 0xB4, 0xEC, 0x92, 0xE0, 0xE9, 0x0C, 0xCF,
    0x01, 0xDC, 0xCC, 0x6E, 0x0D, 0x0C, 0x07, 0xD1, 0x1C, 0x75, 0xFB, 0x1D, 0x18, 0x5C, 0xE8, 0x64,
    0xE9, 0x2B, 0xCF, 0x69, 0xE8, 0x27, 0x94, 0xC9, 0xBB, 0x43, 0x61, 0x7F, 0xE3, 0x52, 0xD3, 0xE9,
    0x12, 0x78, 0x62, 0xB2, 0x6A, 0x69, 0x6E, 0x31, 0x6B, 0xEA, 0xEF, 0xF6, 0x0F, 0x1A, 0x96, 0x9F,
    0x48, 0x93, 0xC3, 0x14, 0xD4, 0xD2, 0xDC, 0x35, 0xF5, 0x77, 0xFB, 0x07, 0x8D, 0x4B, 0x4F, 0xA4,
    0x49, 0xE1, 0x8A, 0x6A, 0x69, 0x6E, 0x1A, 0xFA, 0xBB, 0xFD, 0x83, 0xC6, 0xA5, 0xA7, 0xD2, 0x24,
    0xF0, 0xC5, 0x35, 0x34, 0xB7, 0x0D, 0x7D, 0x5D, 0xFE, 0xC1, 0xE3, 0x52, 0xD3, 0xE9, 0x12, 0x78,
    0x62, 0x9A, 0x9A, 0x5B, 0x86, 0xBE, 0xAE, 0xFF, 0x00, 0x60, 0xF1, 0xA9, 0x69, 0xF4, 0x89, 0x3C,
    0x31, 0x4D, 0x4D, 0x2D, 0xC3, 0x5F, 0x57, 0x7F, 0xB0, 0x78, 0xD4, 0xB4, 0xFA, 0x44, 0x9E, 0x18,
    0xA6, 0xA6, 0x96, 0xE1, 0xAF, 0xAB, 0xBF, 0xD8, 0x3C, 0x6A, 0x5A, 0x7D, 0x22, 0x4F, 0x0C, 0x53,
    0x53, 0x4B, 0x70, 0xD7, 0xD5, 0xDF, 0xEC, 0x1E, 0x35, 0x2D, 0x3E, 0x91, 0x27, 0x86, 0x29, 0xA9,
    0xA5, 0xB8, 0x6B, 0xEA, 0xEF, 0xF6, 0x0F, 0x1A, 0x96, 0x9F, 0x48, 0x93, 0xC3, 0x14, 0xD4, 0xD2,
    0xDC, 0x35, 0xF5, 0x77, 0xFB, 0x07, 0x8D, 0x4B, 0x4F, 0xA4, 0x49, 0xE1, 0x8A, 0x6A, 0x69, 0x6E,
    0x1A, 0xFA, 0xBB, 0xFD, 0x83, 0xC6, 0xA5, 0xA7, 0xD2, 0x24, 0xF0, 0xC5, 0x35, 0x34, 0xB7, 0x0D,
    0x7D, 0x5D, 0xFE, 0xC1, 0xE3, 0x52, 0xD3, 0xE9, 0x12, 0x78, 0x62, 0x9A, 0x9A, 0x5B, 0x86, 0xBE,
    0xAE, 0xFF, 0x00, 0x60, 0xF1, 0xA9, 0x69, 0xF4, 0x89, 0x3C, 0x31, 0x4D, 0x4D, 0x2D, 0xC3, 0x5F,
    0x57, 0x7F, 0xB0, 0x78, 0xD4, 0xB4, 0xFA, 0x44, 0x9E, 0x18, 0xA6, 0xA6, 0x96, 0xE1, 0xAF, 0xAB,
    0xBF, 0xD8, 0x3C, 0x6A, 0x5A, 0x7D, 0x22, 0x4F, 0x0C, 0x53, 0x53, 0x4B, 0x70, 0xD7, 0xD5, 0xDF,
    0xEC, 0x1E, 0x35, 0x2D, 0x3E, 0x91, 0x27, 0x86, 0x29, 0xA9, 0xA5, 0xB8, 0x6B, 0xEA, 0xEF, 0xF6,
    0x0F, 0x1A, 0x96, 0x9F, 0x48, 0x93, 0xC3, 0x14, 0xD4, 0xD2, 0xDC, 0x35, 0xF5, 0x77, 0xFB, 0x07,
    0x8D, 0x4B, 0x4F, 0xA4, 0x49, 0xE1, 0x8A, 0x6A, 0x69, 0x6E, 0x1A, 0xFA, 0xBB, 0xFD, 0x83, 0xC6,
    0xA5, 0xA7, 0xD2, 0x24, 0xF0, 0xC5, 0x35, 0x34, 0xB7, 0x0D, 0x7D, 0x5D, 0xFE, 0xC1, 0xE3, 0x52,
    0xD3, 0xE9, 0x12, 0x78, 0x62, 0x9A, 0x9A, 0x5B, 0x86, 0xBE, 0xAE, 0xFF, 0x00, 0x60, 0xF1, 0xA9,
    0x69, 0xF4, 0x89, 0x3C, 0x31, 0x4D, 0x4D, 0x2D, 0xC3, 0x5F, 0x57, 0x7F, 0xB0, 0x78, 0xD4, 0xB4,
    0xFA, 0x44, 0x9E, 0x18, 0xA6, 0xA6, 0x96, 0xE1, 0xAF, 0xAB, 0xBF, 0xD8, 0x3C, 0x6A, 0x5A, 0x7D,
    0x22, 0x4F, 0x0C, 0x53, 0x53, 0x4B, 0x70, 0xD7, 0xD5, 0xDF, 0xEC, 0x31, 0xD7, 0x7D, 0x1B, 0x08,
    0xA6, 0x7C, 0xD6, 0xF7, 0x3C, 0x48, 0xC0, 0x5C, 0xE8, 0x24, 0x3C, 0x5C, 0x40, 0x75, 0xF0, 0x9E,
    0xDF, 0x60, 0xF5, 0xFC, 0x4B, 0x14, 0xE8, 0x2B, 0x5E, 0x06, 0x6A, 0x79, 0x4C, 0xAF, 0x6A, 0x9E,
    0x93, 0xA2, 0x6C, 0x8D, 0xEA, 0x6D, 0x7F, 0xA5, 0x6F, 0x7B, 0x6F, 0x70, 0x79, 0x9D, 0xC2, 0x96,
    0x5B, 0x8D, 0x86, 0x57, 0xF4, 0xBA, 0x9E, 0xA6, 0x31, 0xC4, 0xE8, 0x9A, 0x4F, 0x53, 0x5E, 0xDC,
    0xE4, 0x75, 0x0C, 0x13, 0xD6, 0x57, 0x5B, 0x37, 0x54, 0x79, 0x4D, 0x29, 0xE4, 0x53, 0xDC, 0xDC,
    0x79, 0x9A, 0xE4, 0xEA, 0x67, 0x9B, 0xCF, 0x54, 0x63, 0x90, 0x65, 0x14, 0xF3, 0xA5, 0x2C, 0x31,
    0x51, 0x9F, 0x3C, 0x5E, 0x09, 0xF5, 0xA6, 0x72, 0xC9, 0x24, 0x7C, 0xCF, 0xE2, 0x7B, 0x8B, 0x9C,
    0x7B, 0xE5, 0x72, 0x5B, 0xB9, 0xE9, 0x12, 0x4B, 0x04, 0x00, 0xC2, 0x82, 0x42, 0x00, 0x80, 0x82,
    0x50, 0x10, 0xA2, 0xE0, 0xC3, 0xAD, 0x63, 0x74, 0x90, 0x10, 0x8B, 0x92, 0x84, 0x04, 0x05, 0x40,
    0x20, 0x24, 0x74, 0x20, 0x3A, 0xCF, 0x2A, 0x56, 0x87, 0xF2, 0x8E, 0xD4, 0x2C, 0x23, 0x2D, 0x32,
    0x51, 0x0C, 0x7B, 0x1D, 0xCB, 0x0A, 0xEE, 0x67, 0x9C, 0x73, 0x94, 0xD7, 0xF8, 0x7D, 0xC8, 0xF2,
    0xDC, 0x18, 0xC3, 0x32, 0xD2, 0x7F, 0xE2, 0xF8, 0xA4, 0x58, 0x54, 0x3C, 0x73, 0xD2, 0x92, 0x7F,
    0x18, 0x92, 0xB0, 0xBD, 0xA6, 0xFC, 0x76, 0x23, 0x1B, 0x25, 0x6C, 0x8E, 0x77, 0x95, 0x3C, 0x23,
    0xDA, 0x54, 0xB9, 0x7B, 0x14, 0xF7, 0x64, 0xDE, 0x8F, 0xE2, 0x09, 0x72, 0x6C, 0x3B, 0xB2, 0x6F,
    0x47, 0xF1, 0x04, 0xB8, 0xB0, 0xEE, 0xC9, 0xBD, 0x1F, 0xC4, 0x12, 0xE2, 0xC3, 0xBB, 0x26, 0xF4,
    0x7F, 0x10, 0x4B, 0x8B, 0x0E, 0xEC, 0x9B, 0xD1, 0xFC, 0x41, 0x2E, 0x2C, 0x7B, 0xD3, 0x55, 0x97,
    0xBC, 0x35, 0xFD, 0xFE, 0xA2, 0xA6, 0xE4, 0x34, 0x5C, 0xBE, 0x40, 0xC6, 0x17, 0x1E, 0xA0, 0xA4,
    0x82, 0xC1, 0xD5, 0xB2, 0x93, 0xD0, 0x43, 0x47, 0x60, 0x0A, 0xB7, 0x26, 0xC4, 0x77, 0x64, 0xDE,
    0x8F, 0xE2, 0x09, 0x72, 0x6C, 0x4B, 0x6A, 0x67, 0x7B, 0x80, 0x6B, 0x8B, 0x89, 0xEA, 0x01, 0xA1,
    0x31, 0x23, 0x04, 0x7A, 0x4A, 0x6B, 0x20, 0x6F, 0x14, 0x8C, 0x92, 0x31, 0xDA, 0xE6, 0x63, 0xFF,
    0x00, 0xD2, 0x96, 0x9A, 0xDA, 0x42, 0x94, 0x5E, 0xC6, 0x79, 0x77, 0x64, 0xDE, 0x8F, 0xE2, 0x0A,
    0x2E, 0x5A, 0xC3, 0xBB, 0x26, 0xF4, 0x7F, 0x10, 0x4B, 0x8B, 0x17, 0x34, 0xB5, 0x46, 0x53, 0xC2,
    0xFF, 0x00, 0x35, 0xDE, 0x23, 0xBE, 0xA5, 0x32, 0x1A, 0x3D, 0x66, 0x98, 0x45, 0x19, 0x77, 0x5F,
    0x60, 0x52, 0x41, 0x64, 0x6B, 0x25, 0x27, 0xA1, 0xD8, 0xF6, 0x00, 0x55, 0xB9, 0x6B, 0x11, 0xDD,
    0x93, 0x7A, 0x3F, 0x88, 0x25, 0xC5, 0x87, 0x76, 0x4D, 0xE8, 0xFE, 0x20, 0x97, 0x16, 0x1D, 0xD9,
    0x37, 0xA3, 0xF8, 0x82, 0x5C, 0x58, 0x77, 0x64, 0xDE, 0x8F, 0xE2, 0x09, 0x71, 0x61, 0xDD, 0x92,
    0xFA, 0x3F, 0x88, 0x25, 0xC5, 0x8B, 0xBA, 0x6A, 0x9E, 0x78, 0x10, 0xEE, 0x87, 0x0E, 0xC5, 0x28,
    0xAB, 0x3D, 0xB2, 0x14, 0x83, 0xD2, 0x07, 0x62, 0x78, 0xC8, 0x38, 0x3C, 0x43, 0xE7, 0x52, 0xB6,
    0x95, 0x96, 0xC6, 0x5F, 0x72, 0x59, 0x60, 0x8F, 0x94, 0x6E, 0x9D, 0x63, 0x46, 0x18, 0x24, 0xAD,
    0x6E, 0x3B, 0xD8, 0xEE, 0x59, 0x96, 0x6C, 0xCC, 0xAD, 0x9C, 0x60, 0xBF, 0xC5, 0xEE, 0x66, 0x87,
    0x09, 0xDD, 0xF3, 0x2D, 0x57, 0xFE, 0x1F, 0x8A, 0x27, 0x3B, 0xEA, 0x5C, 0xD3, 0xBC, 0x10, 0x02,
    0x70, 0x80, 0xA4, 0x9C, 0xA0, 0x0A, 0xB7, 0x01, 0x01, 0x88, 0x03, 0x0B, 0x5C, 0xDC, 0xB9, 0x28,
    0x41, 0x28, 0x09, 0x03, 0x08, 0x09, 0x40, 0x15, 0x88, 0x3A, 0xDF, 0x2A, 0x3F, 0x3C, 0x8E, 0xA1,
    0xF7, 0xDA, 0x2F, 0xA3, 0x40, 0xBB, 0x59, 0xE7, 0xC2, 0x53, 0xF3, 0x7D, 0xC8, 0xF2, 0xDC, 0x19,
    0xF0, 0x25, 0x2E, 0xA9, 0x7C, 0x52, 0x31, 0x55, 0x9D, 0x73, 0xFF, 0x00, 0xF3, 0x2C, 0x2F, 0x6B,
    0x3A, 0x31, 0x58, 0x23, 0x12, 0xB1, 0x97, 0x3B, 0x67, 0x27, 0x7E, 0x4C, 0xB7, 0x2D, 0xF2, 0x92,
    0xA6, 0xE1, 0x3D, 0x61, 0xB4, 0x69, 0xCA, 0x49, 0x39, 0xA9, 0x2A, 0xC4, 0x7C, 0x72, 0x4D, 0x26,
    0x01, 0x31, 0xC6, 0x3A, 0xBA, 0x01, 0x19, 0x71, 0xEA, 0xC8, 0xE8, 0x2B, 0xE6, 0xDC, 0x2F, 0xE1,
    0xAD, 0x0E, 0x0C, 0x28, 0xD1, 0x84, 0x35, 0x95, 0xA4, 0xAE, 0xA3, 0x7B, 0x24, 0xB7, 0xB7, 0xD7,
    0xB1, 0x2D, 0xB6, 0x78, 0xA3, 0xD5, 0x66, 0x5C, 0xC3, 0x53, 0x3B, 0x37, 0x52, 0x52, 0xD1, 0xA6,
    0xB0, 0xBF, 0x2B, 0x7B, 0x91, 0xDC, 0x75, 0x97, 0xF0, 0x7D, 0xD9, 0xFC, 0x46, 0x95, 0xFA, 0x5B,
    0x51, 0x57, 0xB2, 0xEA, 0xC6, 0x17, 0x32, 0x2B, 0xAF, 0x36, 0xF8, 0xA5, 0x77, 0xA1, 0xE2, 0x63,
    0x1A, 0x59, 0x9E, 0xDC, 0x3B, 0xDA, 0x5F, 0x31, 0xCD, 0xDF, 0xF1, 0x67, 0x29, 0xD7, 0xA5, 0x9C,
    0x72, 0x78, 0xEA, 0xDF, 0x2C, 0x2E, 0x9A, 0xE7, 0xB3, 0x6D, 0x3E, 0xAC, 0x0F, 0x57, 0x95, 0x70,
    0x36, 0x96, 0xAD, 0xBC, 0x96, 0xA3, 0xD2, 0xFE, 0x2B, 0x59, 0xFA, 0x12, 0xB7, 0xB4, 0xF8, 0xB6,
    0xEF, 0x69, 0xAC, 0xB0, 0xDD, 0x6B, 0x2D, 0xB7, 0x08, 0x1F, 0x4B, 0x5D, 0x49, 0x2B, 0xA0, 0x9E,
    0x09, 0x3C, 0xD3, 0x1E, 0xD3, 0x87, 0x03, 0xED, 0x10, 0xBF, 0x48, 0x64, 0xF9, 0x45, 0x2C, 0xAA,
    0x8C, 0x2B, 0xD1, 0x96, 0x94, 0x24, 0x93, 0x4F, 0x7A, 0x78, 0xA6, 0x7C, 0xBE, 0xA5, 0x39, 0xD1,
    0x9B, 0xA7, 0x51, 0x59, 0xA7, 0x67, 0xD6, 0x5A, 0x2C, 0xE6, 0x20, 0x80, 0xAE, 0x1F, 0xC2, 0xB3,
    0xDD, 0x05, 0x20, 0xBD, 0xAA, 0xFC, 0x03, 0xBF, 0x47, 0xCE, 0xA5, 0x91, 0x63, 0x1E, 0xAA, 0x49,
    0x7D, 0x6F, 0xA1, 0x8E, 0x48, 0xA4, 0xAA, 0xAA, 0x73, 0xA3, 0xA4, 0x8C, 0xF0, 0x9E, 0x0F, 0x35,
    0x23, 0xBB, 0xCC, 0x6F, 0xB3, 0xDA, 0x7B, 0xC3, 0xF4, 0x03, 0x92, 0x31, 0x4D, 0x69, 0x4B, 0x61,
    0x86, 0x73, 0x69, 0xE8, 0x43, 0x6B, 0xF6, 0x73, 0x9E, 0x8F, 0xBF, 0x54, 0xB4, 0x73, 0x74, 0x78,
    0xA0, 0x87, 0xA8, 0x32, 0x9B, 0xCA, 0x93, 0xEE, 0x9D, 0xE6, 0x9D, 0xFA, 0x4A, 0x9D, 0x63, 0xD9,
    0x1C, 0x08, 0x54, 0x63, 0xB6, 0x78, 0xBE, 0x7F, 0xF7, 0x62, 0xFE, 0xEF, 0x72, 0xB9, 0x50, 0x9A,
    0x17, 0x36, 0xA6, 0xA6, 0x2E, 0x2A, 0x56, 0x67, 0x2F, 0x70, 0x0E, 0x3D, 0x39, 0xC8, 0xEF, 0xAC,
    0x93, 0x94, 0xE3, 0x6C, 0x79, 0x0C, 0x34, 0xA9, 0xD2, 0x9E, 0x92, 0xB2, 0x78, 0xB2, 0xDA, 0x17,
    0x43, 0x7E, 0x78, 0x85, 0xF1, 0xC7, 0x4D, 0x70, 0x71, 0xC4, 0x72, 0xC6, 0x03, 0x59, 0x2B, 0xBB,
    0xCD, 0x73, 0x47, 0x40, 0x27, 0xBC, 0x46, 0x07, 0x68, 0xEF, 0xAA, 0x2B, 0x54, 0xC3, 0x63, 0x2F,
    0x2B, 0xD0, 0x5A, 0x57, 0xBC, 0x79, 0x79, 0x8C, 0xD4, 0xBB, 0x4F, 0xA8, 0xAD, 0xFA, 0x3A, 0xE9,
    0xA9, 0x6E, 0xD4, 0x15, 0x36, 0x4B, 0x75, 0x1C, 0xD1, 0x53, 0x44, 0xEB, 0x8D, 0x2C, 0xB1, 0x77,
    0x5C, 0xCF, 0x3D, 0x31, 0xC4, 0xE2, 0xDE, 0x17, 0x39, 0xAD, 0x05, 0xC4, 0x67, 0x20, 0x0E, 0xA5,
    0x4B, 0x24, 0xDC, 0x64, 0xED, 0x25, 0xC9, 0xCB, 0xFE, 0xFA, 0xC8, 0xD7, 0xB9, 0xBA, 0x72, 0xA3,
    0x1D, 0x38, 0x4A, 0xFC, 0x64, 0xD6, 0x8A, 0xB7, 0xE7, 0x8D, 0xDE, 0x0A, 0xD7, 0xE7, 0x35, 0x2A,
    0x5F, 0xC3, 0xB7, 0xF4, 0xFC, 0xCA, 0xA8, 0xDB, 0x2E, 0x2B, 0x7F, 0x04, 0x3D, 0xD2, 0x96, 0x42,
    0x45, 0x92, 0xA9, 0x26, 0x53, 0x4C, 0x69, 0x8B, 0x9E, 0xB2, 0xBE, 0x53, 0x59, 0xEC, 0xF4, 0xDD,
    0xD9, 0x71, 0xA9, 0xE2, 0xE6, 0xA1, 0xE7, 0x1A, 0xCE, 0x2E, 0x16, 0x97, 0xBB, 0xCB, 0x38, 0x80,
    0x3C, 0xAB, 0x49, 0xE9, 0x3D, 0xE5, 0x9A, 0x95, 0x29, 0xD7, 0x9A, 0xA7, 0x4D, 0x5D, 0xB3, 0x24,
    0x21, 0x2A, 0x92, 0x51, 0x8A, 0xC4, 0xFA, 0x12, 0xD5, 0xC8, 0xAA, 0xA6, 0xAE, 0xD7, 0x47, 0x3D,
    0x6E, 0xA9, 0xEE, 0x0A, 0xC9, 0x61, 0x63, 0xE7, 0xA4, 0xF1, 0x3C, 0x49, 0xCC, 0x48, 0x5A, 0x0B,
    0x99, 0xC6, 0x26, 0xC3, 0xB8, 0x4E, 0x46, 0x47, 0x41, 0xC6, 0x57, 0xA5, 0x86, 0x61, 0x94, 0xA2,
    0x9C, 0xAA, 0x59, 0xEE, 0xB6, 0xCF, 0x69, 0xD7, 0x8E, 0x6D, 0x6D, 0x26, 0xE5, 0x67, 0xD5, 0xF5,
    0x2E, 0xFE, 0xE2, 0x2F, 0xFE, 0x34, 0xFF, 0x00, 0xF1, 0x5F, 0xBE, 0x57, 0xEF, 0x07, 0x4B, 0xEC,
    0xFA, 0x93, 0xDE, 0xCF, 0xE3, 0xF6, 0x7D, 0x4E, 0x1F, 0xB9, 0x9B, 0x53, 0x7C, 0xDA, 0xDB, 0xA0,
    0x82, 0xEB, 0x06, 0x28, 0xEA, 0x26, 0x99, 0x94, 0x35, 0x7C, 0x71, 0xFD, 0xF3, 0x1C, 0x6E, 0x03,
    0x8F, 0x81, 0xAE, 0x71, 0x66, 0x43, 0x98, 0x70, 0xEE, 0x9F, 0x2D, 0x8E, 0xF1, 0x5C, 0x0C, 0xAF,
    0x23, 0xAB, 0x92, 0x4A, 0xD5, 0x16, 0x0E, 0xF6, 0x7B, 0xED, 0xEE, 0x39, 0x95, 0xE8, 0x4E, 0x83,
    0xB4, 0xB6, 0x72, 0x1A, 0x62, 0xD0, 0x35, 0x8B, 0x8A, 0x2F, 0xC2, 0x9F, 0x72, 0xA5, 0x06, 0x5E,
    0xAB, 0x11, 0x63, 0xD2, 0x0F, 0xC3, 0x47, 0xEE, 0x87, 0xCE, 0xA5, 0x6D, 0x2B, 0x25, 0x83, 0x32,
    0x5C, 0x97, 0x3C, 0xF2, 0x3A, 0x7B, 0xDF, 0x6B, 0x7E, 0x8D, 0x3A, 0xCD, 0x99, 0xBC, 0x25, 0x0F,
    0x3B, 0xDC, 0xCE, 0x77, 0x09, 0xBC, 0x09, 0x57, 0xAA, 0x3F, 0x14, 0x4E, 0x72, 0xB9, 0xA7, 0x7C,
    0x13, 0x84, 0x05, 0x29, 0x70, 0x15, 0x40, 0x40, 0x52, 0x4A, 0x03, 0x16, 0xB5, 0xCD, 0xB2, 0x40,
    0xCA, 0x02, 0xAC, 0x61, 0x00, 0x53, 0x60, 0x3A, 0xD4, 0x90, 0x54, 0x06, 0x14, 0x6D, 0x07, 0x59,
    0xE5, 0x47, 0xE7, 0x91, 0xD4, 0x3E, 0xFB, 0x45, 0xF4, 0x68, 0x17, 0x6F, 0x3C, 0xF8, 0x4A, 0x7E,
    0x6F, 0xB9, 0x1E, 0x5B, 0x83, 0x3E, 0x04, 0xA5, 0xD5, 0x2F, 0x8A, 0x46, 0x22, 0xB0, 0xF9, 0x69,
    0xFD, 0xB7, 0x2C, 0x0F, 0x6B, 0x3A, 0x51, 0xD8, 0x8C, 0x5A, 0xA1, 0x63, 0xF4, 0x6F, 0x91, 0x15,
    0xE2, 0x82, 0xE1, 0xB0, 0xF6, 0xFA, 0x3A, 0x57, 0x33, 0xBA, 0xE8, 0x2A, 0xAA, 0x22, 0xAC, 0x60,
    0xF3, 0x41, 0xEE, 0x91, 0xCF, 0x69, 0x23, 0xD9, 0x63, 0xDA, 0x33, 0xEC, 0x7B, 0x0B, 0xF1, 0xEF,
    0xFC, 0x4C, 0xC9, 0xEB, 0x52, 0xE1, 0x0D, 0x4A, 0xB5, 0x17, 0x16, 0x71, 0x8B, 0x8F, 0x52, 0x49,
    0x3F, 0x6A, 0x7E, 0x93, 0xED, 0xBC, 0x14, 0xAB, 0x4E, 0x79, 0xB6, 0x30, 0x8E, 0xD8, 0xB7, 0x7F,
    0x4D, 0xFD, 0xCD, 0x1F, 0x47, 0xD8, 0xAC, 0x33, 0xDF, 0xAA, 0x4C, 0x50, 0x90, 0xC6, 0x30, 0x65,
    0xF2, 0x3B, 0xA9, 0xA3, 0xFE, 0xEB, 0xCB, 0x70, 0x73, 0x83, 0x79, 0x5F, 0x09, 0x72, 0x97, 0x43,
    0x27, 0x6A, 0x31, 0x8E, 0x32, 0x93, 0xD8, 0x97, 0xF3, 0x6F, 0x91, 0x7B, 0x8E, 0xD6, 0x72, 0xCE,
    0x74, 0x73, 0x65, 0x25, 0x52, 0xA6, 0x2D, 0xEC, 0x5B, 0xFE, 0x87, 0x22, 0xD7, 0x5F, 0xC1, 0xD9,
    0xA6, 0xF7, 0x03, 0x75, 0x26, 0xD5, 0xF7, 0x2D, 0x4D, 0x58, 0xDA, 0x3A, 0xBA, 0x88, 0xE6, 0xAC,
    0xB4, 0xC3, 0x4A, 0xD6, 0x89, 0x9A, 0xD8, 0xDA, 0xD2, 0xD6, 0xCA, 0x1F, 0x96, 0x71, 0x16, 0xE4,
    0x9C, 0x13, 0xD2, 0x71, 0x83, 0xD2, 0xBF, 0x63, 0xE6, 0x2C, 0xDC, 0xF3, 0x2E, 0x6D, 0xA5, 0x9B,
    0xF4, 0xF4, 0xF4, 0x13, 0x5A, 0x4D, 0x5A, 0xF7, 0x6D, 0xEC, 0xBB, 0xD9, 0x7B, 0x2C, 0x79, 0x0F,
    0x8A, 0x67, 0x0A, 0xCB, 0x2F, 0xCA, 0xA7, 0x94, 0xDB, 0x47, 0x4B, 0x93, 0xF2, 0xB1, 0xF4, 0xB6,
    0x93, 0xDB, 0xAD, 0x2F, 0xA1, 0x2D, 0x31, 0xDB, 0x34, 0xF6, 0x9F, 0xB7, 0x5A, 0x28, 0x58, 0xDE,
    0x11, 0x0D, 0x25, 0x33, 0x58, 0x1D, 0xEC, 0xB8, 0xE3, 0x2E, 0x3D, 0xA4, 0xE4, 0x9E, 0xFA, 0xED,
    0x37, 0x73, 0x55, 0x24, 0xB6, 0x1F, 0x3F, 0x72, 0xB9, 0xE4, 0x73, 0xA7, 0x77, 0x53, 0x44, 0xDC,
    0xAF, 0x5A, 0x56, 0xC3, 0x4D, 0x6E, 0xD7, 0x54, 0x71, 0x9A, 0x8A, 0x77, 0x5B, 0xE3, 0x6C, 0x22,
    0xE1, 0x8E, 0x97, 0x43, 0x23, 0x46, 0x1A, 0xE7, 0x38, 0x67, 0x85, 0xC7, 0xA4, 0x10, 0x06, 0x71,
    0x90, 0xAF, 0x19, 0x5B, 0x69, 0x8A, 0x74, 0xD4, 0x95, 0xD6, 0xD3, 0xF2, 0x96, 0x6A, 0x49, 0xED,
    0xF7, 0x09, 0x29, 0x6A, 0xA1, 0x92, 0x9A, 0xA6, 0x09, 0x4C, 0x72, 0xC3, 0x2B, 0x4B, 0x5F, 0x1B,
    0xDA, 0x70, 0x5A, 0xE0, 0x7A, 0x41, 0x04, 0x10, 0x41, 0x5B, 0x06, 0x91, 0xED, 0x52, 0x7F, 0x88,
    0x77, 0xE8, 0xF9, 0xD4, 0xB0, 0x58, 0xAA, 0x83, 0x27, 0x7B, 0x3C, 0xC1, 0xA5, 0xA2, 0x6F, 0x43,
    0x29, 0xE1, 0x69, 0x23, 0xB5, 0xEE, 0x01, 0xCE, 0x3F, 0x18, 0x1E, 0xD3, 0x42, 0xCB, 0x53, 0x0B,
    0x47, 0x71, 0x82, 0x8E, 0x37, 0x9E, 0xF7, 0xEC, 0x58, 0x23, 0xD6, 0x6A, 0x97, 0x58, 0x62, 0x8A,
    0x0A, 0x53, 0xCD, 0xD6, 0x3E, 0x36, 0xC9, 0x35, 0x40, 0xF3, 0x6D, 0xE2, 0x19, 0x0C, 0x69, 0xFC,
    0x5C, 0x02, 0x33, 0x8E, 0x92, 0x73, 0xD8, 0xAC, 0xDE, 0xAD, 0x5A, 0x3B, 0x4A, 0xA8, 0xAA, 0xCD,
    0xCA, 0x5B, 0x39, 0x17, 0xF3, 0x37, 0xAD, 0x23, 0xA7, 0xD9, 0x78, 0xBB, 0x69, 0xD9, 0x75, 0x3E,
    0xA3, 0x7E, 0x94, 0xD2, 0x55, 0xE1, 0xB4, 0xD3, 0x5E, 0x6A, 0x69, 0x1F, 0x5B, 0x08, 0x78, 0x19,
    0x20, 0xC2, 0xD3, 0x97, 0x74, 0x11, 0xD3, 0xDE, 0xED, 0x0A, 0xD5, 0x65, 0x56, 0x10, 0x55, 0x12,
    0xBA, 0xF7, 0x9A, 0xB4, 0x25, 0x92, 0xD5, 0xAF, 0x3C, 0x9B, 0x49, 0x29, 0xAC, 0x70, 0xDA, 0x93,
    0xD8, 0xCF, 0xD3, 0x5D, 0xA5, 0xE4, 0x81, 0xB0, 0x1B, 0x49, 0xA1, 0xFC, 0x7B, 0xCA, 0xCA, 0x1D,
    0x5D, 0x6E, 0x8E, 0x0F, 0x15, 0x3C, 0x71, 0xDE, 0xA4, 0x65, 0x4D, 0x33, 0x22, 0x0D, 0x2E, 0xE2,
    0x8D, 0x80, 0x70, 0x06, 0x01, 0x92, 0x32, 0x1C, 0xEC, 0xE3, 0xA4, 0x90, 0x17, 0x9C, 0xA9, 0x94,
    0xD6, 0xA9, 0x2D, 0x04, 0xAD, 0xCC, 0x7A, 0xAA, 0x79, 0x2D, 0x28, 0x25, 0x52, 0x4F, 0x4B, 0x0F,
    0xCB, 0xD1, 0xB3, 0xFD, 0xE0, 0x7E, 0x7A, 0x72, 0xC2, 0xE5, 0x17, 0x5D, 0xCA, 0x2F, 0x5F, 0x53,
    0x5D, 0x61, 0x32, 0xD2, 0x69, 0x4A, 0x38, 0xE4, 0x82, 0xCF, 0x6D, 0x7F, 0x47, 0x33, 0x18, 0x79,
    0x69, 0x91, 0xC0, 0x74, 0x71, 0xBC, 0x35, 0xAE, 0x3D, 0x83, 0x85, 0xBD, 0x3C, 0x39, 0x3D, 0x5A,
    0x54, 0x15, 0x18, 0x27, 0xCA, 0xF6, 0x9C, 0xB9, 0xD7, 0x75, 0x67, 0x28, 0xDA, 0xCA, 0x38, 0x2E,
    0xAB, 0x1C, 0x22, 0x9B, 0xF0, 0xED, 0xFD, 0x3F, 0x32, 0xCC, 0x8A, 0x1E, 0xF5, 0x87, 0x31, 0x0F,
    0x6D, 0x4B, 0x05, 0x9A, 0xA8, 0x3B, 0x5F, 0x26, 0xCD, 0x15, 0xA8, 0x68, 0xF7, 0x67, 0x4C, 0xDD,
    0xAA, 0x2C, 0x37, 0x38, 0x2D, 0x45, 0x93, 0xC8, 0x2B, 0xA5, 0xA3, 0x91, 0xB0, 0x16, 0xBA, 0x9A,
    0x4E, 0x07, 0x71, 0x96, 0xF0, 0xE0, 0xF1, 0x0C, 0x1C, 0xF4, 0xE4, 0x76, 0xAE, 0xF6, 0x6A, 0xA1,
    0x5A, 0x39, 0x55, 0x3A, 0x8E, 0x0F, 0x47, 0x1C, 0x6C, 0xED, 0xB1, 0xF2, 0x9D, 0x3C, 0x8A, 0x94,
    0xD5, 0x68, 0xC9, 0xC5, 0xDB, 0xAB, 0x98, 0xFA, 0xCB, 0x6A, 0xBF, 0x92, 0xFD, 0x1F, 0xFF, 0x00,
    0x07, 0xA3, 0xFF, 0x00, 0xA0, 0xC5, 0xEC, 0xB2, 0x3F, 0xEA, 0xD4, 0xFF, 0x00, 0xC2, 0xBD, 0xC7,
    0x7A, 0x87, 0xF4, 0x30, 0xEA, 0x5E, 0xE3, 0x68, 0x5B, 0x66, 0x73, 0xE4, 0x8D, 0xFA, 0xD2, 0xB7,
    0xBD, 0x4D, 0xA7, 0xB4, 0xEF, 0x88, 0xF6, 0x7A, 0xFB, 0xB7, 0x31, 0x78, 0xD4, 0x3C, 0xEF, 0x70,
    0xD2, 0xBE, 0x6E, 0x6F, 0x8A, 0xE0, 0xEE, 0x1E, 0x2E, 0x10, 0x71, 0x9C, 0x1C, 0x67, 0xB0, 0xAF,
    0x19, 0x9C, 0x68, 0xD4, 0xAB, 0x4E, 0x1A, 0xB8, 0xB7, 0x69, 0x54, 0xD8, 0xAF, 0xFD, 0xA3, 0x81,
    0x95, 0xD3, 0x9C, 0xE3, 0x1D, 0x04, 0xDE, 0x32, 0xF7, 0x9F, 0x3B, 0x55, 0xD2, 0x4F, 0x41, 0x55,
    0x35, 0x35, 0x4C, 0x32, 0x53, 0xD4, 0xC2, 0xF7, 0x47, 0x2C, 0x32, 0xB4, 0xB5, 0xF1, 0xB8, 0x1C,
    0x16, 0xB8, 0x1E, 0x90, 0x41, 0x04, 0x10, 0x57, 0x99, 0x69, 0xC5, 0xB8, 0xC9, 0x59, 0xA3, 0x8E,
    0xD3, 0x4E, 0xCC, 0xAA, 0x8C, 0xE2, 0x53, 0xED, 0x28, 0x44, 0x17, 0x99, 0x2A, 0xC0, 0xF4, 0x80,
    0x9E, 0x7A, 0x3F, 0x74, 0x3E, 0x75, 0x2B, 0x69, 0x59, 0x6C, 0x66, 0x53, 0x92, 0xE7, 0x9E, 0x47,
    0x4F, 0x7B, 0xED, 0x6F, 0xD1, 0xA7, 0x59, 0xB3, 0x37, 0x84, 0xA1, 0xE7, 0x7B, 0x99, 0xCD, 0xE1,
    0x37, 0x81, 0x2A, 0xF5, 0x47, 0xE2, 0x89, 0xCE, 0x09, 0x5C, 0xD3, 0xBE, 0x42, 0x8B, 0x80, 0xA0,
    0x10, 0x4E, 0x10, 0x14, 0x93, 0x94, 0x01, 0x01, 0x8E, 0x01, 0x6B, 0x9B, 0x64, 0xA0, 0x0A, 0x6C,
    0x09, 0x03, 0x2A, 0x48, 0x27, 0xA9, 0x01, 0x28, 0x49, 0xD6, 0x39, 0x51, 0xF9, 0xE4, 0x75, 0x0F,
    0xBE, 0xD1, 0x7D, 0x1A, 0x05, 0xDA, 0xCF, 0x3E, 0x12, 0x9F, 0x9B, 0xEE, 0x47, 0x95, 0xE0, 0xCF,
    0x81, 0x29, 0x75, 0x4B, 0xE2, 0x91, 0x86, 0xAC, 0xF3, 0x73, 0xFB, 0x6E, 0x5A, 0xEF, 0x6B, 0x3A,
    0x71, 0xD8, 0x8C, 0x6A, 0xA9, 0x26, 0xDB, 0xB6, 0xFB, 0xAB, 0xA9, 0xB6, 0x9E, 0xF2, 0xEB, 0x96,
    0x9A, 0xB8, 0xBA, 0x8A, 0x59, 0x1A, 0x19, 0x34, 0x2E, 0x68, 0x7C, 0x53, 0xB4, 0x75, 0x07, 0xB0,
    0xF4, 0x1E, 0xFE, 0x0F, 0x58, 0xC9, 0xC1, 0x0B, 0x83, 0x9E, 0x73, 0x16, 0x6F, 0xCF, 0xD4, 0x16,
    0x4F, 0x97, 0xD3, 0xD2, 0x4B, 0x63, 0xD8, 0xD3, 0xE6, 0x7C, 0x9E, 0xE7, 0xCA, 0x8E, 0x96, 0x43,
    0x9C, 0x32, 0x9C, 0xDD, 0x53, 0x59, 0x93, 0xCA, 0xCF, 0x97, 0x73, 0xEB, 0x47, 0xE8, 0x47, 0x21,
    0x4E, 0x56, 0x17, 0x1D, 0xE0, 0xD5, 0x17, 0xFD, 0x31, 0xA9, 0xE2, 0xB6, 0xD1, 0x5C, 0xFB, 0x9A,
    0x3A, 0xBB, 0x7F, 0x70, 0xC6, 0xF8, 0xF9, 0xE6, 0xB0, 0x91, 0x33, 0x48, 0x73, 0xDD, 0x97, 0x0E,
    0x26, 0x38, 0x01, 0x8E, 0x80, 0xEE, 0x8E, 0x85, 0xCA, 0xCC, 0x3C, 0x17, 0xC8, 0xB8, 0x33, 0x0A,
    0x90, 0xC8, 0xA5, 0x26, 0xA6, 0xD3, 0x7A, 0x4D, 0x3D, 0x9B, 0x2D, 0x64, 0xB7, 0x9D, 0x1C, 0xB7,
    0x3B, 0xD7, 0xCE, 0xB2, 0x8B, 0xAE, 0x92, 0x71, 0xD9, 0x6B, 0xFF, 0x00, 0x36, 0xCF, 0xB4, 0x17,
    0xA9, 0x39, 0xE1, 0x01, 0x0F, 0x7B, 0x62, 0x63, 0x9E, 0xF7, 0x06, 0x31, 0xA3, 0x25, 0xCE, 0x38,
    0x00, 0x76, 0x94, 0x07, 0xE2, 0x77, 0x29, 0xDD, 0x4B, 0x67, 0xD6, 0x1C, 0xA1, 0x75, 0xBD, 0xDE,
    0xC0, 0xF8, 0xE5, 0xB5, 0x54, 0xDC, 0xDD, 0xCD, 0x4D, 0x17, 0x4B, 0x26, 0x2D, 0x01, 0xAF, 0x91,
    0xA4, 0x75, 0x87, 0x3D, 0xAE, 0x70, 0x3D, 0xFE, 0x2C, 0xAD, 0x98, 0xEC, 0x39, 0xF3, 0x69, 0xC9,
    0xD8, 0xE7, 0x15, 0x1F, 0x81, 0x72, 0xB1, 0x42, 0xCD, 0x40, 0x37, 0x22, 0x2E, 0x77, 0x2A, 0xFE,
    0x18, 0x2B, 0x69, 0xA8, 0xA1, 0x34, 0x22, 0xB1, 0x8F, 0xAC, 0x91, 0x91, 0x35, 0xCD, 0x6B, 0x06,
    0x5A, 0xD2, 0xE1, 0xE5, 0x9C, 0x5C, 0x0B, 0x40, 0x1D, 0x65, 0x6E, 0xB7, 0x39, 0x4B, 0x07, 0x6C,
    0x2F, 0x89, 0xC7, 0x94, 0xE8, 0xD1, 0x85, 0xE5, 0x17, 0x27, 0xA5, 0xA3, 0x82, 0x6D, 0xDD, 0xBE,
    0x5B, 0x6C, 0x56, 0xC5, 0xBD, 0xC5, 0xE5, 0x66, 0xAF, 0x36, 0x86, 0xD8, 0xAF, 0x36, 0x9E, 0x72,
    0x7A, 0xBE, 0x6D, 0xDD, 0xD6, 0x2B, 0xA0, 0x8A, 0x5A, 0x76, 0xCC, 0x07, 0x08, 0x6B, 0x5B, 0x8E,
    0xF0, 0xF2, 0xDE, 0x5B, 0xBE, 0x46, 0x3A, 0x95, 0xA5, 0x55, 0xC7, 0x46, 0xA4, 0x3F, 0x3B, 0xDA,
    0xD7, 0x30, 0x2C, 0x8E, 0x59, 0x46, 0xBB, 0x27, 0xCA, 0x30, 0x8E, 0x1A, 0x3A, 0x2E, 0x4A, 0x56,
    0xDA, 0xEE, 0xEF, 0xF9, 0x61, 0xC8, 0x61, 0x6E, 0xF7, 0xEB, 0x8B, 0x9F, 0x42, 0xD8, 0xE6, 0x25,
    0xD2, 0x53, 0xB1, 0xDC, 0x2D, 0x8D, 0xBD, 0x2E, 0x39, 0xEA, 0x18, 0xF9, 0x96, 0x29, 0xD4, 0x9E,
    0x16, 0xDC, 0x74, 0x29, 0x50, 0xA4, 0x94, 0xAE, 0xB9, 0x4D, 0xCA, 0xEB, 0xBF, 0xDA, 0xE6, 0x87,
    0x6B, 0x61, 0xDB, 0x26, 0xDF, 0x1F, 0xE3, 0x76, 0x3A, 0x8E, 0xEC, 0xA8, 0xA6, 0x0D, 0x69, 0x3C,
    0xE9, 0x25, 0xDC, 0xD7, 0x17, 0xA0, 0x04, 0x87, 0x16, 0x75, 0x71, 0x82, 0x7A, 0xD6, 0xBC, 0xE0,
    0xA3, 0x51, 0x54, 0xFE, 0xD5, 0x8D, 0x9A, 0x4D, 0xCE, 0x93, 0x87, 0xF6, 0x1B, 0xC3, 0xFD, 0xFB,
    0x4D, 0x06, 0xFD, 0x55, 0x2C, 0xF4, 0xD6, 0xC6, 0xCE, 0xEE, 0x39, 0x84, 0x06, 0x47, 0x74, 0x01,
    0x8E, 0x27, 0x12, 0x07, 0x47, 0xF4, 0x78, 0x4F, 0xE9, 0x59, 0x6A, 0x36, 0xD4, 0x6E, 0x63, 0xA3,
    0x14, 0xA5, 0x37, 0x1D, 0x97, 0xF7, 0x23, 0x17, 0x4F, 0xF8, 0x66, 0xAC, 0x26, 0xD1, 0xED, 0x55,
    0xF8, 0x31, 0xED, 0xA0, 0x2D, 0x54, 0x03, 0xB5, 0xEE, 0xF6, 0xB5, 0xD4, 0x3A, 0x72, 0x97, 0x6F,
    0xA9, 0xAD, 0x37, 0xEB, 0x9D, 0xAE, 0x99, 0xFA, 0x46, 0xDF, 0x23, 0xA1, 0xA2, 0xAC, 0x92, 0x16,
    0x17, 0x10, 0xF0, 0x5C, 0x43, 0x5C, 0x06, 0x70, 0x00, 0xCF, 0xB0, 0x17, 0x7B, 0x2D, 0xAF, 0x5A,
    0x92, 0xA3, 0x1A, 0x73, 0x69, 0x68, 0x47, 0x63, 0x6B, 0x79, 0xD3, 0xCA, 0x2A, 0xCE, 0x0A, 0x9A,
    0x8C, 0x9A, 0xE2, 0xAE, 0x53, 0x9E, 0xF9, 0x15, 0x6B, 0x5F, 0xF7, 0x3E, 0xFF, 0x00, 0xF0, 0x64,
    0xFF, 0x00, 0x55, 0x73, 0x7B, 0x8F, 0x29, 0xFE, 0xEE, 0x5E, 0x86, 0x69, 0xEA, 0x2A, 0xF8, 0x8F,
    0xD0, 0xC7, 0x91, 0x56, 0xB5, 0xFF, 0x00, 0x73, 0xEF, 0xFF, 0x00, 0x06, 0x4F, 0xF5, 0x53, 0xB8,
    0xF2, 0x9F, 0xEE, 0xE5, 0xE8, 0x63, 0x51, 0x57, 0xC4, 0x7E, 0x86, 0x74, 0x7D, 0x99, 0xD7, 0x97,
    0x1D, 0x13, 0x7A, 0xA2, 0xD1, 0xB7, 0x8A, 0x4B, 0xDD, 0x3D, 0x75, 0x45, 0xD6, 0x86, 0x3A, 0x78,
    0x65, 0xAE, 0x9E, 0x99, 0x94, 0x6D, 0x74, 0xED, 0x73, 0xDA, 0xE8, 0x32, 0x06, 0x1E, 0x1F, 0x92,
    0x08, 0xF2, 0xDC, 0x5D, 0x3D, 0x6B, 0xA3, 0x91, 0x57, 0xA9, 0x42, 0xA4, 0x72, 0x79, 0xDD, 0x3B,
    0xAC, 0x2E, 0xD5, 0xB1, 0xDD, 0xCE, 0x73, 0xE5, 0x47, 0x2F, 0x79, 0x7E, 0x4F, 0x2A, 0x75, 0xDC,
    0x29, 0xC5, 0xF1, 0xA1, 0x6F, 0xBD, 0x73, 0x9C, 0x6E, 0xAF, 0xF2, 0xA1, 0xAC, 0x3F, 0xE3, 0x15,
    0x9F, 0xF5, 0xDE, 0xB9, 0xD9, 0x67, 0xF5, 0x9A, 0x9F, 0xE2, 0x7E, 0xF3, 0xA1, 0x5F, 0xFA, 0x69,
    0xF5, 0xBF, 0x79, 0xAE, 0x52, 0xFE, 0x10, 0xFB, 0x4B, 0x50, 0xC0, 0x5D, 0x20, 0x3D, 0x29, 0xFF,
    0x00, 0x0F, 0x1F, 0xBA, 0x1F, 0x3A, 0x95, 0xB4, 0x89, 0x6C, 0x66, 0x5F, 0x92, 0xE7, 0x9E, 0x47,
    0x4F, 0x7B, 0xED, 0x6F, 0xD1, 0xA7, 0x5B, 0x19, 0x9B, 0xC2, 0x50, 0xF3, 0xBD, 0xCC, 0xE6, 0x70,
    0x9B, 0xC0, 0x95, 0x7A, 0xA3, 0xF1, 0x44, 0xE6, 0xEB, 0x97, 0x73, 0xBE, 0x10, 0x10, 0x4E, 0x10,
    0x14, 0xA0, 0x08, 0x02, 0x82, 0x6C, 0x63, 0xD6, 0x03, 0x68, 0x2B, 0x10, 0x48, 0x0A, 0x01, 0x52,
    0x92, 0x42, 0x10, 0x10, 0x83, 0xAC, 0x72, 0xA3, 0xF3, 0xC8, 0xEA, 0x1F, 0x7D, 0xA2, 0xFA, 0x34,
    0x0B, 0xB5, 0x9E, 0x7C, 0x25, 0x3F, 0x37, 0xDC, 0x8F, 0x2F, 0xC1, 0x9F, 0x02, 0x52, 0xEA, 0x97,
    0xC5, 0x23, 0x09, 0x56, 0x7F, 0x8C, 0x9B, 0xDB, 0x72, 0xD7, 0x7B, 0x59, 0xD3, 0x8E, 0xC4, 0x63,
    0xD5, 0x49, 0x08, 0x0B, 0xBB, 0x4D, 0xE2, 0xBE, 0xC1, 0x72, 0xA7, 0xB8, 0x5A, 0xEB, 0x6A, 0x6D,
    0xB5, 0xF4, 0xEE, 0xE3, 0x86, 0xAA, 0x92, 0x57, 0x45, 0x2C, 0x6E, 0xED, 0x6B, 0xDA, 0x41, 0x07,
    0xD9, 0x05, 0x09, 0xD8, 0x6E, 0xDF, 0x74, 0x3E, 0xEA, 0xFA, 0xE6, 0x6B, 0x1F, 0x87, 0xEA, 0xFF,
    0x00, 0xC4, 0x51, 0x65, 0xB8, 0xB6, 0x94, 0xB7, 0x8F, 0xBA, 0x1F, 0x75, 0x7D, 0x73, 0x35, 0x8F,
    0xC3, 0xF5, 0x7F, 0xE2, 0x25, 0x96, 0xE1, 0xA5, 0x2D, 0xE5, 0x85, 0xEB, 0x7A, 0x77, 0x0B, 0x52,
    0xDB, 0xA5, 0xB7, 0xDD, 0xF5, 0xDE, 0xA6, 0xBA, 0xD0, 0x4C, 0x38, 0x64, 0xA5, 0xAD, 0xBC, 0x54,
    0x4D, 0x13, 0xC7, 0x61, 0x6B, 0x9E, 0x41, 0xFD, 0x29, 0x64, 0x43, 0x93, 0x7B, 0x59, 0xA7, 0xC7,
    0xE6, 0xDB, 0xED, 0x85, 0x25, 0x4B, 0x89, 0xCF, 0xF1, 0x4E, 0x40, 0x5A, 0xA0, 0x33, 0xF3, 0xDE,
    0xEA, 0x75, 0x55, 0x3D, 0x3D, 0x2D, 0xD6, 0xB5, 0xF2, 0xD4, 0x52, 0xC4, 0xD8, 0x68, 0xA7, 0xA8,
    0x7E, 0x43, 0x23, 0x68, 0xC0, 0x84, 0x9E, 0xF3, 0x7A, 0x3A, 0x0F, 0x78, 0xE7, 0x3D, 0x64, 0xAD,
    0x8D, 0x37, 0x55, 0x28, 0xCD, 0xE2, 0xB6, 0x7C, 0x8D, 0x08, 0x64, 0xF4, 0xF2, 0x47, 0x29, 0x50,
    0x85, 0x94, 0x9B, 0x72, 0x4B, 0x95, 0xBE, 0x5E, 0xBD, 0xFF, 0x00, 0x43, 0x1C, 0xC9, 0xAB, 0xAC,
    0x53, 0xC9, 0x11, 0x0E, 0x85, 0xC4, 0x61, 0xF1, 0x4A, 0xC0, 0xE6, 0xBC, 0x77, 0xB2, 0xD3, 0x90,
    0x47, 0x62, 0xC7, 0x79, 0x53, 0x76, 0x36, 0x5A, 0x85, 0x64, 0x9E, 0xD3, 0x27, 0x78, 0xBD, 0xD4,
    0x42, 0x28, 0xF9, 0x81, 0x15, 0x33, 0x9F, 0x4A, 0xC2, 0x5F, 0x0C, 0x4D, 0x6B, 0xC6, 0x73, 0xD0,
    0x1D, 0xD6, 0x07, 0xB4, 0xB2, 0xCE, 0xA3, 0x56, 0xB6, 0x18, 0x18, 0x29, 0x51, 0x8B, 0xD2, 0xD2,
    0xC7, 0x1D, 0xE5, 0x85, 0x15, 0xB5, 0xB1, 0xC6, 0xDA, 0xCA, 0xF0, 0x63, 0xA4, 0xEB, 0x6B, 0x0F,
    0x43, 0xE7, 0x3D, 0x8D, 0xF6, 0x3B, 0x5D, 0xD4, 0x3D, 0xBE, 0x85, 0x8E, 0x31, 0xFE, 0xD4, 0xB6,
    0x7B, 0xCC, 0xD3, 0xA9, 0x77, 0xA1, 0x4F, 0x6F, 0xBB, 0xFD, 0xEE, 0x2D, 0x2B, 0x6A, 0xE4, 0xAF,
    0xAA, 0x92, 0xA2, 0x4C, 0x71, 0xBC, 0xE7, 0x0D, 0x18, 0x00, 0x77, 0x80, 0xF6, 0x00, 0xE8, 0x54,
    0x94, 0x9C, 0x9D, 0xD9, 0x96, 0x11, 0x50, 0x8A, 0x8A, 0x3C, 0xE0, 0xFC, 0x2B, 0x55, 0x4B, 0x1E,
    0xD5, 0x3E, 0x60, 0x7B, 0x68, 0x0B, 0x64, 0x07, 0xD0, 0x9B, 0x8B, 0xB3, 0xBA, 0xBF, 0x70, 0x6D,
    0x7A, 0x02, 0xE3, 0x60, 0xB4, 0x77, 0x7D, 0x1C, 0x5A, 0x52, 0xDF, 0x4E, 0xF9, 0x7B, 0xA6, 0x18,
    0xF1, 0x20, 0x6B, 0x9C, 0x46, 0x1E, 0xF0, 0x7A, 0x9C, 0xDE, 0x9C, 0x63, 0xA5, 0x7A, 0x5C, 0xAB,
    0x21, 0xCA, 0x32, 0x98, 0xD1, 0x9D, 0x28, 0xDD, 0x68, 0x45, 0x6D, 0x5F, 0xCD, 0x9D, 0x7A, 0xD9,
    0x3D, 0x5A, 0xCA, 0x9C, 0xA0, 0xAE, 0xB4, 0x56, 0xE3, 0xEC, 0x15, 0xED, 0x8F, 0x42, 0x10, 0x1F,
    0x33, 0xEB, 0x6D, 0x9D, 0xD5, 0xF7, 0x7E, 0x52, 0x14, 0xFA, 0xA6, 0x92, 0xD1, 0xCE, 0xD8, 0x59,
    0x72, 0xB7, 0xD4, 0x3A, 0xAF, 0xBA, 0x61, 0x6E, 0x23, 0x89, 0xB0, 0x89, 0x0F, 0x01, 0x78, 0x77,
    0x47, 0x03, 0xBA, 0x31, 0x93, 0x8E, 0x8C, 0xAF, 0x2B, 0x94, 0x64, 0x39, 0x44, 0xF3, 0x82, 0xAF,
    0x18, 0xF1, 0x6F, 0x17, 0x7B, 0xAE, 0x4B, 0x5F, 0x96, 0xE7, 0x16, 0xAE, 0x4F, 0x56, 0x59, 0x56,
    0xB1, 0x2C, 0x2E, 0xB7, 0x73, 0x1F, 0x3D, 0xEE, 0xAF, 0xF2, 0xA1, 0xAC, 0x3F, 0xE3, 0x15, 0x9F,
    0xF5, 0xDE, 0xBC, 0xD6, 0x59, 0xFD, 0x66, 0xA7, 0xF8, 0x9F, 0xBC, 0xE4, 0x57, 0xFE, 0x9A, 0x7D,
    0x6F, 0xDE, 0x6B, 0x74, 0xDE, 0x6C, 0xFB, 0x4B, 0x4C, 0xC0, 0x5C, 0xE5, 0x01, 0x5D, 0x39, 0xFE,
    0x3E, 0x3F, 0x74, 0x3E, 0x75, 0x65, 0xB5, 0x11, 0x2D, 0x8C, 0xCD, 0x72, 0x5C, 0xF3, 0xC8, 0xE9,
    0xEF, 0x7D, 0xAD, 0xFA, 0x34, 0xEB, 0x63, 0x33, 0x78, 0x4A, 0x1E, 0x77, 0xB9, 0x9C, 0xCE, 0x13,
    0x78, 0x12, 0xAF, 0x54, 0x7E, 0x28, 0x9C, 0xDD, 0x72, 0xCE, 0xF9, 0x49, 0x28, 0x08, 0x40, 0x10,
    0x02, 0x70, 0xA0, 0x9B, 0x14, 0x93, 0x94, 0x2C, 0x58, 0xF5, 0xAC, 0x46, 0x72, 0xA0, 0x30, 0xA3,
    0x68, 0x25, 0x49, 0x21, 0x08, 0xB8, 0x42, 0xA4, 0x80, 0xA6, 0xC0, 0xEA, 0xFC, 0xA8, 0xFC, 0xF2,
    0x3A, 0x87, 0xDF, 0x68, 0xBE, 0x8D, 0x02, 0xEC, 0xE7, 0x9F, 0x09, 0x4F, 0xCD, 0xF7, 0x23, 0xCC,
    0x70, 0x67, 0xC0, 0x94, 0xBA, 0xA5, 0xF1, 0x48, 0xC1, 0xD4, 0xF4, 0xCF, 0x28, 0xFE, 0x91, 0xF9,
    0xD6, 0xB3, 0x78, 0xB3, 0xAB, 0x1F, 0xBA, 0x8B, 0x17, 0x34, 0xB4, 0xE0, 0xA8, 0x04, 0x21, 0x01,
    0x00, 0x40, 0x10, 0x04, 0x05, 0x71, 0x34, 0x97, 0x03, 0xDE, 0x08, 0x4A, 0x3D, 0xDE, 0x38, 0xDA,
    0x42, 0x5C, 0xB1, 0x6C, 0x41, 0x69, 0xC1, 0x42, 0x84, 0x20, 0x2F, 0xA9, 0xEF, 0x55, 0x74, 0xF0,
    0x88, 0x78, 0xDB, 0x34, 0x03, 0xAA, 0x29, 0xD8, 0xD9, 0x1A, 0x3D, 0xA0, 0xE0, 0x71, 0xFA, 0x16,
    0x45, 0x39, 0x25, 0x63, 0x14, 0xA9, 0x42, 0x4E, 0xFB, 0x1F, 0x36, 0x07, 0xBC, 0x9A, 0x92, 0xA5,
    0xFC, 0x05, 0xB0, 0xD2, 0x46, 0xE6, 0x34, 0x31, 0xAF, 0x6D, 0x3B, 0x49, 0x68, 0x1D, 0x58, 0xC8,
    0x38, 0xFD, 0x0A, 0xCE, 0xAB, 0xDC, 0xBD, 0x06, 0x35, 0x42, 0x2B, 0x95, 0xFA, 0x59, 0x8F, 0xA9,
    0xAA, 0x9A, 0xB2, 0x63, 0x2C, 0xF2, 0xBE, 0x69, 0x0F, 0x5B, 0x9E, 0xEC, 0x95, 0x8D, 0xB7, 0x27,
    0x76, 0x67, 0x8C, 0x54, 0x55, 0xA2, 0xAC, 0x79, 0x2A, 0x96, 0x3D, 0x61, 0x69, 0xE2, 0xE2, 0xEA,
    0xC2, 0x12, 0x8F, 0x49, 0x1A, 0x5E, 0xDC, 0x25, 0xC9, 0x65, 0xB1, 0x18, 0xEB, 0x42, 0xA1, 0x00,
    0x40, 0x10, 0x04, 0x01, 0x01, 0xED, 0x03, 0x4B, 0x72, 0x7A, 0x92, 0xE5, 0x91, 0xEB, 0x92, 0x97,
    0x24, 0xF4, 0xA7, 0x27, 0xBA, 0x22, 0xF7, 0x43, 0xE7, 0x52, 0x9E, 0x28, 0xAC, 0xB6, 0x33, 0x39,
    0xC9, 0x73, 0xCF, 0x23, 0xA7, 0xBD, 0xF6, 0xB7, 0xE8, 0xD3, 0xAD, 0x9C, 0xCD, 0xE1, 0x28, 0x79,
    0xDE, 0xE6, 0x72, 0xB8, 0x4D, 0xE0, 0x4A, 0xBD, 0x51, 0xF8, 0xA2, 0x73, 0x42, 0x72, 0xB9, 0x67,
    0x7C, 0x20, 0x0A, 0x01, 0x04, 0xA6, 0xD2, 0xD6, 0x29, 0x42, 0x42, 0x80, 0x5A, 0x75, 0x2C, 0x66,
    0x72, 0x50, 0x90, 0x85, 0x6E, 0x10, 0x82, 0x40, 0x56, 0xB0, 0x25, 0x45, 0xC1, 0xD5, 0xB9, 0x51,
    0xF9, 0xE4, 0x75, 0x0F, 0xBE, 0xD1, 0x7D, 0x1A, 0x05, 0xD9, 0xCF, 0x3E, 0x12, 0x9F, 0x9B, 0xEE,
    0x47, 0x98, 0xE0, 0xCF, 0x81, 0x29, 0x75, 0x4B, 0xE2, 0x91, 0x81, 0xA9, 0x3F, 0x7C, 0x4B, 0xEE,
    0xCF, 0xCE, 0xB5, 0x65, 0xB5, 0x9D, 0x58, 0xEC, 0x47, 0x96, 0x55, 0x6E, 0x58, 0x65, 0x2E, 0x06,
    0x52, 0xE0, 0x65, 0x2E, 0x06, 0x52, 0xE0, 0x65, 0x2E, 0x06, 0x52, 0xE0, 0x65, 0x2E, 0x06, 0x52,
    0xE0, 0x65, 0x2E, 0x06, 0x52, 0xE0, 0x65, 0x2E, 0x06, 0x52, 0xE0, 0x65, 0x2E, 0x06, 0x52, 0xE0,
    0x65, 0x2E, 0x06, 0x52, 0xE0, 0x65, 0x2E, 0x06, 0x52, 0xE0, 0x65, 0x2E, 0x06, 0x52, 0xE0, 0x65,
    0x2E, 0x06, 0x52, 0xE0, 0x65, 0x2E, 0x0F, 0x5A, 0x63, 0xF7, 0xC4, 0x5E, 0xEC, 0x7C, 0xEA, 0xD1,
    0xDA, 0x8A, 0xCB, 0x63, 0x33, 0xDC, 0x97, 0x3C, 0xF2, 0x3A, 0x7B, 0xDF, 0x6B, 0x7E, 0x8D, 0x3A,
    0xDA, 0xCC, 0xDE, 0x12, 0x87, 0x9D, 0xEE, 0x67, 0x2B, 0x84, 0xDE, 0x04, 0xAB, 0xD5, 0x1F, 0x8A,
    0x27, 0x34, 0x5C, 0xB3, 0xBE, 0x14, 0x13, 0x62, 0x92, 0x50, 0x92, 0x12, 0xE4, 0x85, 0x50, 0x10,
    0x16, 0xAA, 0x86, 0x70, 0x84, 0x00, 0x32, 0xA4, 0x82, 0xA0, 0x30, 0xA7, 0x60, 0x0A, 0x36, 0x80,
    0xAC, 0x0E, 0xAD, 0xCA, 0x8F, 0xCF, 0x23, 0xA8, 0x7D, 0xF6, 0x8B, 0xE8, 0xD0, 0x2E, 0xBE, 0x79,
    0xF0, 0x94, 0xFC, 0xDF, 0x72, 0x3C, 0xC7, 0x06, 0x7C, 0x09, 0x4B, 0xAA, 0x5F, 0x14, 0x8D, 0x7A,
    0xA4, 0xE2, 0xA2, 0x5F, 0x74, 0x7E, 0x75, 0xA8, 0xF6, 0x9D, 0x78, 0xFD, 0xD4, 0x5B, 0x12, 0x4F,
    0x5A, 0x92, 0xA4, 0x21, 0x01, 0x00, 0x40, 0x10, 0x04, 0x05, 0x4C, 0x71, 0x07, 0x19, 0xE8, 0x46,
    0x59, 0x15, 0x97, 0x60, 0x65, 0x54, 0xBB, 0xC0, 0xF2, 0x24, 0x9E, 0xB5, 0x63, 0x10, 0x40, 0x5D,
    0x54, 0x5A, 0xAB, 0x69, 0x28, 0x69, 0x2B, 0x67, 0xA3, 0x9E, 0x1A, 0x3A, 0xBE, 0x3E, 0xE7, 0xA8,
    0x92, 0x27, 0x36, 0x39, 0xB8, 0x0E, 0x1F, 0xC0, 0xE2, 0x30, 0xEC, 0x1E, 0x83, 0x8E, 0xA2, 0xAA,
    0xA7, 0x16, 0xDC, 0x53, 0xC5, 0x6D, 0x33, 0xCE, 0x85, 0x5A, 0x74, 0xE1, 0x56, 0x70, 0x6A, 0x32,
    0xBD, 0x9B, 0x4E, 0xCE, 0xD8, 0x3B, 0x3D, 0x8E, 0xCF, 0x6D, 0xB6, 0x16, 0xAA, 0xC6, 0x02, 0xEA,
    0xE7, 0x6A, 0xAD, 0xB2, 0xD7, 0x49, 0x45, 0x71, 0xA3, 0x9E, 0x82, 0xB2, 0x2C, 0x73, 0x94, 0xF5,
    0x51, 0x3A, 0x39, 0x19, 0x90, 0x08, 0xCB, 0x5C, 0x01, 0x19, 0x04, 0x1F, 0x68, 0x85, 0x58, 0xCE,
    0x33, 0x5A, 0x50, 0x77, 0x46, 0x7A, 0xF4, 0x2A, 0xE4, 0xD5, 0x1D, 0x2A, 0xF0, 0x71, 0x92, 0xDA,
    0x9A, 0x69, 0xAE, 0x5D, 0x8F, 0x1D, 0x85, 0xAA, 0xB1, 0x80, 0xAD, 0x8E, 0x39, 0xC6, 0x54, 0x32,
    0xC8, 0xA9, 0xCE, 0x20, 0x28, 0x45, 0x9E, 0x07, 0x96, 0x72, 0xAC, 0x63, 0x08, 0x02, 0x02, 0xEA,
    0xE9, 0x6A, 0xAD, 0xB2, 0x57, 0x4B, 0x45, 0x71, 0xA3, 0xA8, 0xA0, 0xAC, 0x8B, 0x1C, 0xE5, 0x3D,
    0x54, 0x4E, 0x8E, 0x46, 0x64, 0x02, 0x32, 0xD7, 0x00, 0x46, 0x41, 0x07, 0xDA, 0x21, 0x09, 0x6A,
    0xDB, 0x4B, 0x54, 0x20, 0x20, 0x2B, 0x63, 0x89, 0xE8, 0xCA, 0x86, 0x5D, 0x15, 0xE5, 0x41, 0x63,
    0xD2, 0x98, 0xFD, 0xF3, 0x17, 0xBB, 0x1F, 0x3A, 0x95, 0xB5, 0x15, 0x97, 0xDD, 0x66, 0xC3, 0xC9,
    0x73, 0xCF, 0x23, 0xA7, 0xBD, 0xF6, 0xB7, 0xE8, 0xD3, 0xAD, 0xBC, 0xCD, 0xE1, 0x28, 0x79, 0xDE,
    0xE6, 0x72, 0x38, 0x4D, 0xE0, 0x4A, 0xBD, 0x51, 0xF8, 0xA2, 0x73, 0x42, 0x70, 0xB9, 0x47, 0xA0,
    0xB1, 0x49, 0x39, 0x42, 0xC4, 0x28, 0xB8, 0x0A, 0x00, 0x42, 0x6C, 0x41, 0x28, 0x2E, 0x5B, 0x2A,
    0x19, 0x09, 0x01, 0x4D, 0x81, 0x2A, 0x6E, 0x02, 0x8B, 0x00, 0xAC, 0x09, 0x01, 0x08, 0xB9, 0xD5,
    0x79, 0x51, 0xF9, 0xE4, 0x75, 0x0F, 0xBE, 0xD1, 0x7D, 0x1A, 0x05, 0xD7, 0xCF, 0x3E, 0x12, 0x9F,
    0x9B, 0xEE, 0x47, 0x99, 0xE0, 0xCF, 0x81, 0x29, 0x75, 0x4B, 0xE2, 0x91, 0xAD, 0xD5, 0x7F, 0xA4,
    0x4D, 0xEE, 0x8F, 0xCE, 0xB5, 0x1E, 0xD3, 0xAE, 0xBE, 0xEA, 0x3C, 0x14, 0x94, 0x3A, 0x36, 0xC8,
    0x5A, 0x6D, 0xD5, 0xD7, 0x9D, 0x45, 0x5F, 0x71, 0xA0, 0x82, 0xE6, 0xCB, 0x35, 0x8A, 0xAE, 0xE9,
    0x0D, 0x25, 0x53, 0x78, 0xA1, 0x92, 0x58, 0xF8, 0x78, 0x43, 0xDB, 0xDF, 0x6F, 0x96, 0x3D, 0x0B,
    0x53, 0x29, 0x94, 0x94, 0x62, 0xA2, 0xED, 0x76, 0x91, 0xE7, 0x73, 0xE5, 0x5A, 0xB4, 0xE9, 0x51,
    0xA7, 0x4A, 0x6E, 0x3A, 0xCA, 0x91, 0x8B, 0x6B, 0x6A, 0x4E, 0xF7, 0xB7, 0x3E, 0x05, 0xCF, 0x93,
    0xAF, 0xE6, 0xF7, 0x41, 0xFC, 0x0B, 0xFE, 0x75, 0x1D, 0xCD, 0xD2, 0x4B, 0xD2, 0x62, 0xEF, 0x17,
    0xE2, 0xEB, 0x7A, 0xFF, 0x00, 0x41, 0xE4, 0xEB, 0xF9, 0xBD, 0xD0, 0x7F, 0x02, 0xFF, 0x00, 0x9D,
    0x3B, 0x9B, 0xA4, 0x97, 0xA4, 0x77, 0x8B, 0xF1, 0x75, 0xBD, 0x7F, 0xA1, 0xBD, 0x5A, 0xB5, 0x2D,
    0x2D, 0xC1, 0xDA, 0x24, 0xD6, 0xE9, 0x4D, 0xBC, 0xA8, 0xA4, 0xD4, 0xB5, 0xAD, 0xA3, 0x96, 0x96,
    0xDD, 0x6E, 0xE0, 0xAB, 0xA6, 0x6B, 0xA4, 0x6B, 0x09, 0x27, 0x88, 0xF0, 0x9F, 0x2D, 0x9C, 0xAD,
    0x59, 0x41, 0xAD, 0x3B, 0x4A, 0x5C, 0x55, 0xCA, 0xF0, 0x38, 0x55, 0x72, 0x69, 0xD3, 0xEE, 0x9D,
    0x5D, 0x7A, 0xEA, 0x54, 0x63, 0x74, 0xE5, 0x2E, 0x2B, 0xC2, 0xFB, 0xB1, 0x38, 0x8E, 0xB8, 0xB4,
    0xC1, 0x60, 0xD6, 0x97, 0xFB, 0x65, 0x28, 0x22, 0x9A, 0x8A, 0xE1, 0x51, 0x4D, 0x17, 0x11, 0xC9,
    0xE0, 0x64, 0x8E, 0x6B, 0x72, 0x7D, 0xA0, 0x17, 0x4A, 0x9C, 0x9C, 0xA1, 0x19, 0x3E, 0x54, 0x8F,
    0x6F, 0x90, 0xD6, 0x96, 0x51, 0x92, 0xD2, 0xAD, 0x3D, 0xB2, 0x8C, 0x5B, 0xEB, 0x69, 0x33, 0x08,
    0x3A, 0xD6, 0x43, 0x79, 0x6D, 0x2A, 0x3D, 0x4A, 0xA8, 0xBB, 0xD8, 0x52, 0xAC, 0x63, 0x3A, 0xDD,
    0xA1, 0xF6, 0x8D, 0xB3, 0xDB, 0x2D, 0x3F, 0xA8, 0xA5, 0xD3, 0xF6, 0xED, 0x45, 0x7B, 0xD4, 0x13,
    0x54, 0xF3, 0x5E, 0x2B, 0xC4, 0x66, 0xA7, 0xA6, 0x86, 0x17, 0x86, 0x11, 0xCD, 0xE4, 0x65, 0xC4,
    0x9C, 0xE5, 0x72, 0x27, 0xAC, 0xCA, 0xB2, 0x89, 0xD2, 0x53, 0x71, 0x8C, 0x2D, 0xB3, 0x6B, 0x6F,
    0x1D, 0xA7, 0xD0, 0x32, 0x77, 0x92, 0xE6, 0x4C, 0xD3, 0x43, 0x2E, 0x95, 0x08, 0xD6, 0xAB, 0x5D,
    0xCE, 0xDA, 0x6A, 0xF1, 0x8C, 0x60, 0xED, 0xF7, 0x79, 0x5B, 0x7C, 0xA6, 0x73, 0x50, 0x6F, 0xF5,
    0xB6, 0x5D, 0x11, 0xA5, 0x21, 0xA5, 0xD2, 0xDA, 0x4A, 0xBA, 0xE3, 0x17, 0x75, 0xF7, 0x65, 0xB6,
    0xA2, 0xD0, 0xE3, 0x4F, 0x43, 0x99, 0x41, 0x8F, 0x99, 0x04, 0x80, 0x38, 0xDB, 0x97, 0x3B, 0x04,
    0xE4, 0x8E, 0x9C, 0x2C, 0x14, 0xF3, 0x7C, 0xD5, 0x6A, 0x8D, 0xCE, 0x49, 0x61, 0x67, 0x7C, 0x5E,
    0x18, 0xDF, 0xAB, 0x90, 0xE9, 0xE5, 0x7C, 0x2C, 0xC9, 0xE5, 0x90, 0x64, 0xB1, 0xA7, 0x93, 0x51,
    0x94, 0xD6, 0x9E, 0x94, 0x5D, 0x37, 0xA3, 0x0E, 0x36, 0x1A, 0x38, 0xD9, 0x69, 0x2C, 0x65, 0x66,
    0xF1, 0xDB, 0x63, 0x57, 0xF2, 0x75, 0xFC, 0xDE, 0xE8, 0x3F, 0x81, 0x7F, 0xCE, 0xB6, 0xBB, 0x83,
    0xA6, 0x9F, 0xAD, 0xF4, 0x38, 0x9F, 0x6A, 0x7F, 0x01, 0x93, 0xFE, 0x97, 0xFA, 0x8D, 0xBB, 0x70,
    0x77, 0xD7, 0x4D, 0xDD, 0xF7, 0x06, 0xB4, 0x0D, 0x2B, 0xA7, 0xB5, 0x16, 0x9C, 0x95, 0xD1, 0x35,
    0xF7, 0x17, 0xD0, 0x3E, 0x2A, 0xF9, 0x59, 0xCD, 0xB0, 0x3C, 0x89, 0x5C, 0x43, 0x81, 0x69, 0xE2,
    0x03, 0xCA, 0x8E, 0x86, 0x8F, 0x6D, 0x6A, 0x64, 0xF9, 0x05, 0x58, 0x50, 0x5F, 0xF3, 0x25, 0x19,
    0x63, 0x85, 0xF0, 0xDB, 0xB8, 0xEF, 0xE7, 0x7E, 0x14, 0xE4, 0x19, 0x46, 0x72, 0x9F, 0xFD, 0x2D,
    0x2A, 0xD4, 0x1D, 0xB8, 0xDA, 0x0D, 0x54, 0x6A, 0xCA, 0xFC, 0x67, 0x67, 0x74, 0xEE, 0x96, 0x1B,
    0x12, 0xEB, 0x39, 0x7E, 0xEC, 0x68, 0xF8, 0x74, 0x0E, 0xE1, 0xDE, 0xAC, 0x54, 0xD2, 0x3A, 0x5A,
    0x6A, 0x59, 0x5A, 0x62, 0x73, 0xFC, 0xD0, 0x63, 0xD8, 0xD9, 0x1A, 0x0F, 0x69, 0x01, 0xE0, 0x67,
    0xD8, 0x5D, 0x4C, 0x92, 0xB3, 0xCA, 0x28, 0x46, 0xA3, 0xDA, 0xFF, 0x00, 0xF8, 0x78, 0x8C, 0xFF,
    0x00, 0x9B, 0xA1, 0x9A, 0x73, 0x9D, 0x6C, 0x8E, 0x9B, 0xBC, 0x62, 0xD5, 0xBA, 0x9A, 0x4D, 0x7A,
    0x13, 0xB1, 0xA9, 0x8E, 0xB5, 0xB6, 0xCE, 0x0A, 0xDA, 0x4B, 0xBA, 0x94, 0x22, 0xD2, 0xD8, 0x52,
    0xA4, 0xC6, 0x6D, 0x7B, 0x5F, 0xA2, 0x63, 0xDC, 0x3D, 0x65, 0x47, 0x61, 0x92, 0xAE, 0x5A, 0x23,
    0x54, 0xC9, 0x38, 0x26, 0x8E, 0x03, 0x2F, 0x0B, 0xC3, 0x0B, 0x9B, 0xC4, 0x01, 0x18, 0x6E, 0x47,
    0x49, 0xEF, 0x7C, 0x6A, 0x1B, 0xB2, 0xB9, 0x78, 0xC7, 0x49, 0xD8, 0xEC, 0x37, 0x3D, 0x19, 0xB5,
    0x5B, 0x1E, 0x22, 0xA2, 0xD5, 0x6D, 0xAC, 0xD5, 0xFA, 0x98, 0xC6, 0xD9, 0x25, 0xA5, 0xA7, 0xCB,
    0x22, 0x87, 0x23, 0xA3, 0xA3, 0x89, 0xA3, 0x1E, 0xE8, 0xB8, 0xF7, 0xF0, 0x32, 0x15, 0x2F, 0x29,
    0x6C, 0x32, 0xB5, 0x08, 0x6D, 0xC5, 0x99, 0x6D, 0x5B, 0xAA, 0xF6, 0x53, 0x75, 0xF5, 0x8D, 0x5D,
    0x3D, 0x73, 0x6B, 0x69, 0x2E, 0x15, 0x46, 0x36, 0x45, 0xA8, 0xA1, 0x0F, 0x8E, 0x39, 0x5D, 0xC0,
    0xD6, 0x8C, 0xB5, 0xDD, 0x58, 0xC0, 0x6F, 0x96, 0x66, 0x3C, 0xAE, 0x73, 0x8E, 0x95, 0x09, 0x49,
    0x22, 0x5B, 0xA7, 0x36, 0x72, 0xFD, 0xE9, 0xD9, 0x36, 0xEC, 0xFC, 0x36, 0xDE, 0x3B, 0xAB, 0xEE,
    0x33, 0xD7, 0x4B, 0x37, 0x08, 0x6D, 0x31, 0x64, 0x6D, 0x89, 0xBC, 0x3C, 0x24, 0xBB, 0x3E, 0x6C,
    0xE7, 0xA5, 0xA3, 0xFF, 0x00, 0xED, 0xE3, 0x2D, 0x23, 0x1C, 0xE1, 0xA0, 0x72, 0xD5, 0x63, 0x11,
    0x2D, 0xEB, 0x50, 0xCB, 0x47, 0x69, 0x52, 0x83, 0x21, 0xE9, 0x4D, 0xFE, 0x93, 0x17, 0xBB, 0x1F,
    0x3A, 0x98, 0xED, 0x45, 0x65, 0xF7, 0x59, 0xB2, 0x72, 0x5C, 0xF3, 0xC8, 0xE9, 0xEF, 0x7D, 0xAD,
    0xFA, 0x34, 0xEB, 0x6F, 0x33, 0x78, 0x4A, 0x1E, 0x77, 0xB9, 0x9C, 0x7E, 0x13, 0x78, 0x12, 0xAF,
    0x54, 0x7E, 0x28, 0x9C, 0xC5, 0x72, 0x8F, 0x44, 0x14, 0x00, 0xA0, 0x0E, 0xA4, 0x27, 0x61, 0x49,
    0x39, 0x42, 0x2E, 0x10, 0x1E, 0x00, 0x28, 0xB1, 0x94, 0x95, 0x17, 0x01, 0x4D, 0x80, 0x52, 0x0A,
    0x80, 0xC2, 0x15, 0xB9, 0x28, 0x41, 0xD4, 0xF9, 0x51, 0xF9, 0xE4, 0x75, 0x0F, 0xBE, 0xD1, 0x7D,
    0x1A, 0x05, 0xD7, 0xCF, 0x3E, 0x12, 0x9F, 0x9B, 0xEE, 0x47, 0x9B, 0xE0, 0xCF, 0x81, 0x29, 0x75,
    0x4B, 0xE2, 0x91, 0xAC, 0xD5, 0x1F, 0xBE, 0x66, 0xF7, 0x67, 0xE7, 0x5A, 0x8F, 0x69, 0xD7, 0x5F,
    0x75, 0x1E, 0x4A, 0x4A, 0x1D, 0x1B, 0x61, 0xE2, 0xB9, 0x9D, 0x65, 0x55, 0x51, 0x6F, 0xAE, 0xA4,
    0xB7, 0xD3, 0x52, 0xDB, 0xA7, 0xA8, 0xB9, 0x4D, 0x5D, 0x01, 0x9E, 0x1E, 0xE3, 0x68, 0x1C, 0xE0,
    0x7C, 0x63, 0x05, 0xE0, 0xE5, 0xBD, 0x00, 0x85, 0xA9, 0x95, 0x68, 0xE8, 0x25, 0x25, 0x7C, 0x70,
    0xEB, 0x3C, 0xE6, 0x7E, 0x74, 0x7B, 0x96, 0x31, 0xAB, 0x17, 0x27, 0x29, 0x25, 0x14, 0x9D, 0x9E,
    0x97, 0x25, 0x9F, 0x27, 0x2E, 0x27, 0x59, 0xF1, 0xED, 0xB6, 0xDF, 0xF8, 0xA6, 0x83, 0xFF, 0x00,
    0x90, 0xAA, 0x7F, 0xC5, 0x5A, 0x3A, 0xBA, 0xFB, 0xA5, 0xEB, 0x2F, 0x91, 0xE5, 0x3B, 0x8B, 0x3B,
    0x78, 0x95, 0xBF, 0xF2, 0x23, 0xFF, 0x00, 0xA8, 0xF1, 0xED, 0xB6, 0xDF, 0xF8, 0xA6, 0x83, 0xFF,
    0x00, 0x90, 0xAA, 0x7F, 0xC5, 0x4D, 0x5D, 0x7D, 0xD2, 0xF5, 0x97, 0xC8, 0x77, 0x16, 0x76, 0xF1,
    0x2B, 0x7F, 0xE4, 0x47, 0xFF, 0x00, 0x52, 0xFE, 0xD5, 0xA8, 0xF4, 0x95, 0x5D, 0xC2, 0x82, 0x3B,
    0x15, 0xD3, 0x45, 0x53, 0xDE, 0x2A, 0xA5, 0x11, 0xDB, 0xA6, 0x66, 0x88, 0xA8, 0xA7, 0x26, 0x6C,
    0xE1, 0xBC, 0x12, 0xBA, 0x4C, 0x34, 0xF1, 0x10, 0x33, 0xD3, 0x82, 0xAB, 0x28, 0x54, 0x49, 0xE9,
    0xA9, 0x5B, 0x97, 0x8C, 0xBE, 0x46, 0xBD, 0x5C, 0x9B, 0x2D, 0x84, 0x26, 0xF2, 0x98, 0x55, 0x70,
    0x8A, 0xE3, 0x2D, 0x7C, 0x5E, 0x1C, 0xB7, 0x4A, 0x38, 0xE0, 0x7C, 0xC9, 0xAA, 0x20, 0xAF, 0xA5,
    0xD4, 0xB7, 0x68, 0x6E, 0x8F, 0xE7, 0x2E, 0x71, 0xD5, 0xCC, 0xCA, 0xA7, 0xE7, 0x3C, 0x52, 0x87,
    0x90, 0xF3, 0xFD, 0xAC, 0xAE, 0xC4, 0x1A, 0x71, 0x4E, 0x3B, 0x0F, 0xA6, 0xE4, 0xB2, 0xA7, 0x2A,
    0x14, 0xE5, 0x45, 0x71, 0x1A, 0x56, 0xEA, 0xB6, 0x1E, 0xC3, 0x18, 0xAE, 0x6D, 0x2D, 0xA3, 0x2A,
    0xA8, 0xC8, 0xF6, 0x05, 0x63, 0x11, 0xDD, 0xEA, 0x75, 0xD7, 0x8C, 0xAD, 0x91, 0xDB, 0x5F, 0xFD,
    0x9E, 0xB0, 0xDF, 0xBB, 0xA7, 0xC5, 0x2F, 0xFD, 0xF7, 0x45, 0xDD, 0x3C, 0xD7, 0x0D, 0x4F, 0xE2,
    0x79, 0x61, 0xC3, 0x9E, 0x2E, 0x9E, 0xDC, 0x0E, 0xC5, 0xC1, 0x54, 0x35, 0xF9, 0x5D, 0x6E, 0x3C,
    0xA3, 0x6D, 0x1D, 0x8E, 0xDC, 0x87, 0xD4, 0xE7, 0x9D, 0x3B, 0xDB, 0x98, 0x33, 0x77, 0xFD, 0x3D,
    0x3A, 0xBA, 0x5A, 0xDF, 0xE9, 0x23, 0xA5, 0x6B, 0x4F, 0x93, 0x15, 0x6B, 0xDF, 0x1E, 0xA4, 0x6B,
    0xB4, 0x9B, 0xD3, 0x3D, 0x7D, 0x43, 0x20, 0xA6, 0xDB, 0x8D, 0x0D, 0x34, 0xCF, 0x38, 0x6B, 0x19,
    0x63, 0xC9, 0x3F, 0xDF, 0x5D, 0x0A, 0x39, 0xAA, 0xA6, 0x51, 0x35, 0x4A, 0x95, 0x4A, 0x92, 0x93,
    0xE4, 0x4F, 0xE8, 0x70, 0x67, 0xC2, 0xB8, 0xC1, 0x69, 0x4B, 0x20, 0xC9, 0x92, 0xFF, 0x00, 0x2F,
    0xFD, 0x46, 0x4A, 0xE9, 0xB8, 0xD7, 0x8B, 0x2D, 0x38, 0x9E, 0xB3, 0x6B, 0xF4, 0x3C, 0x50, 0xF7,
    0xDE, 0x2C, 0xC1, 0xC0, 0x7B, 0x78, 0x90, 0xE3, 0xF4, 0xAE, 0xA6, 0x57, 0xC1, 0x8C, 0xBF, 0x21,
    0x86, 0xB7, 0x28, 0x75, 0x14, 0x77, 0xE9, 0x27, 0xE9, 0xB5, 0xED, 0xF9, 0x9A, 0xF4, 0xB8, 0x67,
    0x46, 0xB3, 0xD1, 0x86, 0x45, 0x93, 0x37, 0xFE, 0x57, 0xD4, 0xC3, 0xF9, 0x3A, 0xFE, 0x6F, 0x74,
    0x1F, 0xC0, 0xBF, 0xE7, 0x5C, 0x5E, 0xE0, 0xE9, 0xA7, 0xEB, 0x7D, 0x0D, 0xBF, 0xB5, 0x3F, 0x80,
    0xC9, 0xFF, 0x00, 0x4B, 0xFD, 0x43, 0x94, 0xCF, 0xF2, 0xDD, 0xA9, 0x3F, 0xF4, 0xDF, 0x46, 0x89,
    0x33, 0x67, 0xF5, 0x48, 0x7E, 0x7E, 0xF6, 0x38, 0x6B, 0xE1, 0xFC, 0xA3, 0xCC, 0xF8, 0x22, 0x73,
    0x05, 0xD4, 0x67, 0x89, 0x5B, 0x42, 0xAA, 0x2D, 0x2D, 0x81, 0x58, 0xC6, 0x7D, 0x4D, 0xC9, 0xCB,
    0x6C, 0xB5, 0x1E, 0x92, 0xD2, 0xDA, 0x8B, 0x54, 0xB6, 0xD2, 0xD7, 0x5E, 0x6B, 0xAD, 0x8C, 0x36,
    0x20, 0xE9, 0xA2, 0x3C, 0xE0, 0x7B, 0x0B, 0xC3, 0xBC, 0xD6, 0x1B, 0x93, 0xCD, 0x74, 0x3B, 0x07,
    0xA0, 0xAC, 0x52, 0x69, 0xBB, 0x1B, 0x54, 0xE2, 0xD2, 0x6C, 0xE6, 0x1A, 0x16, 0xD9, 0x79, 0xE5,
    0x15, 0xAD, 0x2D, 0xD6, 0xBB, 0xED, 0xD9, 0xC5, 0x96, 0xEA, 0x17, 0x17, 0xD5, 0x98, 0xDA, 0x67,
    0x30, 0xB5, 0xE3, 0xA3, 0x8B, 0xAD, 0xCE, 0xE2, 0x78, 0x19, 0x76, 0x70, 0x3A, 0x7A, 0x7B, 0xFD,
    0x5C, 0xDF, 0x91, 0xAC, 0xB2, 0xB6, 0xAE, 0xF6, 0x5B, 0x59, 0xE7, 0x33, 0xCE, 0x73, 0x79, 0xB7,
    0x26, 0xD7, 0xDB, 0x49, 0xDE, 0xCB, 0xAF, 0x1D, 0xBE, 0x83, 0x61, 0xDD, 0xDD, 0x9D, 0x6E, 0xC3,
    0xCD, 0x63, 0xD5, 0x3A, 0x76, 0xE5, 0x2D, 0x4B, 0x23, 0xAC, 0x6B, 0x1A, 0xCA, 0xF8, 0xD9, 0x23,
    0xA3, 0x94, 0x02, 0xF6, 0xBB, 0xA1, 0xA0, 0x38, 0x79, 0x57, 0x77, 0xBA, 0x30, 0x3A, 0x7B, 0x37,
    0xF3, 0x9E, 0x6C, 0x8E, 0x47, 0x05, 0x38, 0x4A, 0xE9, 0xE1, 0x89, 0xC8, 0xCC, 0x59, 0xFA, 0xA6,
    0x73, 0xA9, 0x2A, 0x55, 0x62, 0x94, 0x92, 0xBE, 0x1B, 0x2D, 0x7B, 0x72, 0xDF, 0x79, 0xB9, 0xD9,
    0xAC, 0x5A, 0xA7, 0x7B, 0x79, 0x37, 0xD5, 0x8B, 0x95, 0x3B, 0xAE, 0x57, 0x9E, 0xEF, 0x7D, 0x55,
    0xA6, 0xA6, 0x49, 0x63, 0x0E, 0x9C, 0x09, 0x30, 0xFE, 0x92, 0xE1, 0xC3, 0x82, 0x66, 0x6E, 0x0E,
    0x3A, 0x03, 0x71, 0xD0, 0x02, 0xF3, 0x77, 0x51, 0x91, 0xEE, 0x92, 0x73, 0x86, 0x27, 0xCB, 0xD7,
    0x5B, 0x5D, 0x4D, 0x92, 0xE9, 0x59, 0x6E, 0xAD, 0x8B, 0x99, 0xAC, 0xA3, 0x99, 0xF4, 0xF3, 0xC5,
    0xC4, 0x1D, 0xC1, 0x23, 0x1C, 0x5A, 0xE1, 0x90, 0x48, 0x38, 0x20, 0xF4, 0x83, 0x85, 0x94, 0xD6,
    0x6A, 0xD8, 0x16, 0xAA, 0x19, 0x68, 0xED, 0x19, 0x55, 0xB9, 0x7B, 0x1E, 0xB4, 0xA7, 0xEF, 0x98,
    0xBD, 0xD8, 0xF9, 0xD4, 0xA7, 0x8A, 0x2B, 0x25, 0xC5, 0x66, 0xCD, 0xC9, 0x73, 0xCF, 0x23, 0xA7,
    0xBD, 0xF6, 0xB7, 0xE8, 0xD3, 0xAD, 0xCC, 0xCD, 0xE1, 0x28, 0x79, 0xDE, 0xE6, 0x71, 0xF8, 0x4D,
    0xE0, 0x4A, 0xBD, 0x51, 0xF8, 0xA2, 0x73, 0x15, 0xC8, 0x3D, 0x10, 0x40, 0x09, 0xC2, 0x13, 0xB0,
    0xA7, 0xAD, 0x08, 0x08, 0x02, 0x13, 0x63, 0xC5, 0x57, 0x69, 0x90, 0x2B, 0x02, 0x40, 0xCA, 0x10,
    0x54, 0x06, 0x10, 0x80, 0x84, 0x12, 0x06, 0x50, 0x1D, 0x4B, 0x95, 0x1F, 0x9E, 0x47, 0x50, 0xFB,
    0xED, 0x17, 0xD1, 0xA0, 0x5D, 0x7C, 0xF3, 0xE1, 0x29, 0xF9, 0xBE, 0xE4, 0x79, 0xBE, 0x0C, 0xF8,
    0x12, 0x97, 0x54, 0xBE, 0x29, 0x1A, 0xBD, 0x57, 0xFA, 0x54, 0xBE, 0xEC, 0xFC, 0xEB, 0x4D, 0xBE,
    0x31, 0xD8, 0x4B, 0x8A, 0x50, 0xAC, 0x63, 0x3A, 0x1E, 0xC8, 0xDE, 0xA9, 0x2D, 0xDA, 0x92, 0xEB,
    0x6E, 0xAE, 0x65, 0x51, 0x82, 0xFB, 0x69, 0xA9, 0xB4, 0x19, 0x28, 0xE9, 0xDD, 0x3C, 0x91, 0x19,
    0x43, 0x7C, 0xB8, 0x8D, 0xBD, 0x2E, 0xC7, 0x0F, 0x50, 0xE9, 0xE9, 0x5A, 0xB9, 0x4C, 0x5B, 0x8A,
    0x92, 0xE4, 0x69, 0x9E, 0x7B, 0x3D, 0xD1, 0x9D, 0x4A, 0x10, 0xAB, 0x4E, 0xD7, 0xA7, 0x38, 0xCF,
    0x17, 0x64, 0xED, 0xC9, 0x77, 0x82, 0xDA, 0x6E, 0x9F, 0x73, 0x6D, 0xAB, 0xFD, 0xE8, 0xBF, 0x7F,
    0xC9, 0x57, 0x0F, 0xFB, 0x2D, 0x6E, 0xEC, 0x97, 0x8A, 0xBD, 0x64, 0x71, 0x7E, 0xD2, 0x56, 0xFE,
    0xE2, 0x1F, 0xAF, 0x4C, 0x7D, 0xCD, 0xB6, 0xAF, 0xF7, 0xA2, 0xFD, 0xFF, 0x00, 0x25, 0x5C, 0x3F,
    0xEC, 0x9D, 0xD9, 0x2F, 0x15, 0x7A, 0xC8, 0x7D, 0xA4, 0xAD, 0xFD, 0xC4, 0x3F, 0x5E, 0x99, 0xB7,
    0x41, 0xA3, 0x1B, 0x69, 0x83, 0x4B, 0x1B, 0x8E, 0xA7, 0xBE, 0x57, 0x5A, 0x74, 0xB5, 0x4B, 0x6B,
    0x69, 0xE9, 0x5B, 0xA2, 0xEB, 0x20, 0x73, 0xB8, 0x5E, 0x1E, 0x5A, 0x64, 0x23, 0x03, 0xAB, 0x19,
    0x2B, 0x03, 0xA9, 0xA5, 0xA5, 0xA3, 0x14, 0x9C, 0xB0, 0xFB, 0xC8, 0xE4, 0xCB, 0x2D, 0x75, 0xA5,
    0x5F, 0x55, 0x46, 0x11, 0x9D, 0x65, 0xA2, 0xDE, 0xBA, 0x0F, 0x6A, 0xB6, 0xCF, 0x91, 0xF3, 0x86,
    0xAE, 0xBC, 0xB3, 0x51, 0xEA, 0xBB, 0xD5, 0xDA, 0x38, 0xDD, 0x14, 0x75, 0xF5, 0xB3, 0xD5, 0x36,
    0x37, 0x75, 0xB4, 0x3E, 0x47, 0x38, 0x03, 0xED, 0x65, 0x75, 0xE9, 0xC7, 0x42, 0x0A, 0x3B, 0x91,
    0xF4, 0x6C, 0x92, 0x8B, 0xC9, 0xB2, 0x6A, 0x74, 0x1B, 0xBE, 0x8C, 0x52, 0xF4, 0x2B, 0x18, 0x93,
    0xD4, 0xAE, 0xCD, 0xC5, 0xB4, 0xA4, 0x75, 0xAA, 0x27, 0x89, 0x92, 0x4B, 0x02, 0xA5, 0x73, 0x11,
    0xD3, 0xF5, 0xFF, 0x00, 0xF2, 0x23, 0xB5, 0x3F, 0xFD, 0x5B, 0xE9, 0x2D, 0x5C, 0xBC, 0x9F, 0xFA,
    0xDD, 0x7F, 0x37, 0xDC, 0x7B, 0x8C, 0xED, 0xE0, 0x0C, 0xD7, 0xFF, 0x00, 0xED, 0xF1, 0xA2, 0xF7,
    0x93, 0x55, 0x35, 0xBA, 0xB3, 0x5C, 0x73, 0x35, 0xF1, 0xD2, 0x4B, 0xC7, 0xC2, 0x04, 0x75, 0xB3,
    0xF3, 0x11, 0x39, 0x9D, 0x3C, 0x41, 0xCF, 0xE3, 0x66, 0x06, 0x78, 0x7F, 0x1D, 0xBD, 0x9C, 0x4D,
    0xEB, 0x1F, 0x50, 0xE0, 0xB4, 0xA3, 0x0E, 0xE9, 0x94, 0x5B, 0x55, 0x34, 0x56, 0x8D, 0x95, 0xDD,
    0xAF, 0x8D, 0x95, 0x9F, 0x37, 0x23, 0xEA, 0x7B, 0x0F, 0x97, 0xE7, 0x04, 0xE4, 0xE9, 0xA7, 0xF7,
    0x6F, 0x8D, 0xF0, 0x5C, 0xDC, 0xAB, 0x9F, 0x95, 0x75, 0x9F, 0x4C, 0x6E, 0xE6, 0x9C, 0xDB, 0xAB,
    0x6E, 0x88, 0xD4, 0x12, 0xDB, 0x65, 0xB6, 0xB9, 0xCC, 0xA9, 0x7B, 0x58, 0xF8, 0x6E, 0x26, 0x69,
    0x71, 0xC6, 0xE0, 0x62, 0x11, 0xF3, 0x8E, 0x06, 0x21, 0x16, 0x1D, 0xCE, 0x61, 0xDE, 0x5B, 0xCA,
    0x89, 0x1D, 0xDF, 0xF5, 0xB4, 0x32, 0x9C, 0xB6, 0xAF, 0x17, 0x2F, 0x4F, 0x56, 0xE0, 0xF4, 0xAF,
    0x1B, 0x2B, 0x68, 0xE2, 0xEF, 0x65, 0xC6, 0xBD, 0xD5, 0xB0, 0xC3, 0x1D, 0x14, 0x68, 0x55, 0xA5,
    0x42, 0x2A, 0xF4, 0x2D, 0xA5, 0x7C, 0x2C, 0xEE, 0xF6, 0xEC, 0xB5, 0xF6, 0x5B, 0x97, 0x1C, 0x79,
    0x59, 0xF0, 0x5A, 0xF8, 0xB1, 0xE9, 0xCE, 0x9F, 0xCA, 0x67, 0xF9, 0x6E, 0xD4, 0x9F, 0xFA, 0x6F,
    0xA3, 0x44, 0xB9, 0x79, 0xB3, 0xFA, 0xA4, 0x3F, 0x3F, 0x7B, 0x3D, 0xC7, 0x0D, 0x7C, 0x3F, 0x94,
    0x79, 0x9F, 0x04, 0x4E, 0x5E, 0x7A, 0x97, 0x4D, 0xEC, 0x3C, 0x4C, 0x76, 0x90, 0xDE, 0xB5, 0x09,
    0x96, 0x92, 0xC0, 0xA9, 0x58, 0xC6, 0x77, 0x2E, 0x4C, 0x77, 0xAA, 0x0A, 0xF9, 0x75, 0x36, 0x85,
    0xBA, 0x4B, 0xCC, 0xD3, 0xEA, 0x4A, 0x33, 0x14, 0x32, 0x1F, 0xC5, 0x95, 0xAD, 0x70, 0xC0, 0xF6,
    0x48, 0x71, 0x23, 0xD9, 0x60, 0x1D, 0xF5, 0x49, 0xEF, 0x33, 0xD3, 0x7B, 0x62, 0xF9, 0x4C, 0x0E,
    0xA5, 0xB4, 0xDD, 0x39, 0x37, 0xEB, 0x8B, 0x59, 0xB6, 0x5D, 0xB9, 0xFB, 0xDB, 0x69, 0x04, 0x95,
    0x79, 0xA6, 0x22, 0x0F, 0x2E, 0x4E, 0x63, 0x05, 0xDF, 0x84, 0x6E, 0x00, 0xE9, 0xC0, 0xC1, 0x1D,
    0xE2, 0x3A, 0x36, 0xB2, 0x6C, 0xA6, 0xA6, 0x4F, 0x3D, 0x6D, 0x37, 0x66, 0x73, 0xB2, 0xEC, 0x86,
    0x8E, 0x59, 0x49, 0xD0, 0xAE, 0xAE, 0x9F, 0xB1, 0xF3, 0x1E, 0x17, 0xFD, 0xCF, 0xBD, 0x6F, 0x7E,
    0xA4, 0xB1, 0x5A, 0xF5, 0x1D, 0x53, 0x68, 0x6D, 0xA6, 0xA5, 0xAC, 0x11, 0xDB, 0x29, 0x5C, 0xFE,
    0x02, 0xE3, 0xC2, 0x5E, 0x19, 0xC4, 0x5C, 0xF7, 0x63, 0xA3, 0xAC, 0xE3, 0xA7, 0x03, 0xB7, 0x6B,
    0x2B, 0xCB, 0xEB, 0x65, 0x89, 0x6B, 0x36, 0x2E, 0x44, 0x68, 0x66, 0xDC, 0xCF, 0x92, 0xE6, 0xC6,
    0xF5, 0x37, 0xBB, 0xDA, 0xDE, 0x2F, 0xAB, 0x90, 0xE9, 0x1B, 0x8B, 0x64, 0x83, 0x61, 0xB6, 0x3A,
    0xAB, 0x48, 0x3E, 0xB2, 0x3A, 0xDB, 0xDE, 0xA0, 0xAE, 0x74, 0x8F, 0x7C, 0x43, 0x18, 0x81, 0x8E,
    0x6F, 0x96, 0xC1, 0xEA, 0x1C, 0x2C, 0x60, 0xC7, 0x6B, 0xDD, 0x8C, 0xE3, 0x2B, 0x94, 0xB8, 0xCE,
    0xE7, 0xA2, 0x92, 0xD0, 0x86, 0x8E, 0xF3, 0xE6, 0xA5, 0x90, 0xD6, 0x21, 0xDD, 0x4A, 0x19, 0x78,
    0xED, 0x29, 0x54, 0xB9, 0x92, 0xC7, 0xAD, 0x2F, 0xFA, 0x54, 0x3E, 0xEC, 0x7C, 0xEA, 0xD1, 0x78,
    0xA2, 0xB2, 0x5C, 0x56, 0x6D, 0x3C, 0x97, 0x3C, 0xF2, 0x3A, 0x7B, 0xDF, 0x6B, 0x7E, 0x8D, 0x3A,
    0xDC, 0xCC, 0xDE, 0x12, 0x87, 0x9D, 0xEE, 0x67, 0x1B, 0x84, 0xDE, 0x04, 0xAB, 0xD5, 0x1F, 0x8A,
    0x27, 0x31, 0x5C, 0x83, 0xD1, 0xD8, 0x82, 0x50, 0x5C, 0x84, 0x20, 0x20, 0x08, 0x5A, 0xC4, 0x13,
    0x84, 0x07, 0x92, 0x17, 0x24, 0x04, 0x22, 0xE5, 0x48, 0x54, 0x20, 0x24, 0x04, 0x05, 0x48, 0x0E,
    0xA1, 0xCA, 0x8F, 0xCF, 0x23, 0xA8, 0x7D, 0xF6, 0x8B, 0xE8, 0xD0, 0x2E, 0xBE, 0x79, 0xF0, 0x94,
    0xFC, 0xDF, 0x72, 0x3C, 0xDF, 0x06, 0x7C, 0x09, 0x4B, 0xAA, 0x5F, 0x14, 0x8D, 0x5A, 0xA4, 0xFD,
    0xF5, 0x2F, 0xBB, 0x3F, 0x3A, 0xD2, 0x7F, 0x78, 0xEC, 0xAF, 0xBA, 0x52, 0xAE, 0x62, 0x37, 0xFD,
    0x96, 0xD6, 0x16, 0xED, 0x1B, 0xAA, 0x2B, 0xA6, 0xB9, 0xD4, 0xCD, 0x6F, 0x86, 0xBA, 0xDB, 0x3D,
    0x04, 0x77, 0x1A, 0x76, 0x17, 0xC9, 0x45, 0x23, 0xC0, 0xE1, 0x99, 0xA0, 0x74, 0x92, 0x31, 0xDE,
    0xE9, 0xE9, 0x5A, 0xB9, 0x45, 0x39, 0x54, 0x82, 0x51, 0x57, 0xB3, 0xBD, 0xB7, 0x9C, 0x0C, 0xF5,
    0x91, 0xD5, 0xCB, 0x32, 0x78, 0xC6, 0x8A, 0x52, 0x71, 0x92, 0x96, 0x8B, 0xC1, 0x49, 0x2E, 0x4F,
    0xCC, 0xDE, 0x3C, 0x53, 0xB5, 0x7F, 0xE6, 0x16, 0xFD, 0xF0, 0x7D, 0xC3, 0xFC, 0x45, 0xAD, 0xA3,
    0x2F, 0xEE, 0x17, 0xA5, 0x1C, 0x3D, 0x55, 0x6F, 0xFB, 0x4C, 0x3D, 0x6A, 0x7F, 0x21, 0xE2, 0x9D,
    0xAB, 0xFF, 0x00, 0x30, 0xB7, 0xEF, 0x83, 0xEE, 0x1F, 0xE2, 0x26, 0x8C, 0xBF, 0xB8, 0x5E, 0x94,
    0x35, 0x55, 0xBF, 0xED, 0x30, 0xF5, 0xA9, 0xFC, 0x8B, 0xFB, 0x0E, 0xAA, 0xB2, 0x58, 0x2F, 0x54,
    0x37, 0x2A, 0x8D, 0xF3, 0xBE, 0x5E, 0x20, 0xA4, 0x99, 0x93, 0x49, 0x6F, 0x7D, 0xBE, 0xB7, 0x15,
    0x2D, 0x69, 0xC9, 0x8C, 0xF1, 0xBC, 0xB7, 0x0E, 0xEA, 0xE9, 0x1D, 0xF5, 0x59, 0x42, 0x72, 0x8B,
    0x8A, 0xA2, 0x95, 0xF9, 0xD1, 0x82, 0xBE, 0x49, 0x94, 0x65, 0x14, 0xA5, 0x4A, 0x39, 0xB2, 0x10,
    0x72, 0x4D, 0x69, 0x69, 0x43, 0x0B, 0xF2, 0xE0, 0xAF, 0x81, 0xC3, 0x35, 0x3D, 0xCE, 0x1B, 0xDE,
    0xA5, 0xBB, 0x5C, 0x69, 0xA1, 0xEE, 0x6A, 0x7A, 0xBA, 0xB9, 0xAA, 0x22, 0x87, 0xD2, 0xDA, 0xF7,
    0x97, 0x06, 0xF4, 0x76, 0x03, 0x85, 0xD2, 0x84, 0x5C, 0x62, 0xA2, 0xF9, 0x0F, 0x73, 0x92, 0xD2,
    0x95, 0x0A, 0x14, 0xE9, 0x4D, 0xDD, 0xC5, 0x24, 0xDE, 0xFB, 0x2B, 0x18, 0xC3, 0xD4, 0x55, 0xDE,
    0xC3, 0x69, 0x6D, 0x28, 0x69, 0xC9, 0x58, 0xD6, 0xD3, 0x2C, 0xB6, 0x15, 0xAC, 0x86, 0x13, 0xAD,
    0x59, 0x85, 0x9F, 0x73, 0x36, 0xCE, 0xC7, 0xA6, 0xE7, 0xBF, 0xD0, 0x69, 0xDB, 0xDE, 0x9F, 0x9A,
    0xA0, 0xD3, 0xBA, 0xED, 0x21, 0x8A, 0x9A, 0xA6, 0x19, 0x9E, 0x1E, 0xEF, 0xE3, 0x30, 0x78, 0x5C,
    0x1C, 0x3A, 0xBB, 0x3E, 0x2E, 0x4C, 0xF5, 0x99, 0x2E, 0x51, 0x2A, 0xAA, 0x0E, 0x51, 0x9D, 0xB6,
    0x6D, 0x4D, 0x73, 0x1E, 0xFF, 0x00, 0x26, 0xEE, 0x5C, 0xF5, 0x9A, 0xA8, 0x64, 0x13, 0xAF, 0x1A,
    0x35, 0x68, 0x39, 0x5B, 0x4D, 0xDA, 0x32, 0x8C, 0xDD, 0xDF, 0x1B, 0x91, 0xA7, 0xC9, 0xFE, 0xD7,
    0x95, 0x26, 0xCB, 0x4F, 0x41, 0x50, 0xC9, 0xE9, 0xB7, 0x1F, 0x43, 0x43, 0x33, 0x0E, 0x5A, 0xF6,
    0x5F, 0x30, 0x47, 0xF7, 0x16, 0xC5, 0x1C, 0xEB, 0x53, 0x27, 0x9A, 0xAB, 0x4A, 0x9D, 0x48, 0xC9,
    0x6C, 0x69, 0x7D, 0x4D, 0x59, 0x70, 0x52, 0x33, 0x5A, 0x32, 0xCB, 0xF2, 0x66, 0xBF, 0xCC, 0xFF,
    0x00, 0x49, 0x92, 0xBA, 0x6D, 0xCD, 0xE2, 0xF5, 0x4E, 0x20, 0xAC, 0xDD, 0x0D, 0x0F, 0x2C, 0x3D,
    0xF6, 0x0B, 0xC8, 0x68, 0x3E, 0xDE, 0x23, 0x19, 0xFD, 0x2B, 0xA9, 0x95, 0xF0, 0x9F, 0x2F, 0xCB,
    0xA1, 0xAA, 0xCA, 0x15, 0x47, 0x1D, 0xDA, 0x29, 0x7A, 0x6D, 0x6B, 0xFE, 0x66, 0xBD, 0x2E, 0x06,
    0x51, 0xA2, 0xF4, 0xA1, 0x96, 0xE4, 0xC9, 0xFF, 0x00, 0x9B, 0xF4, 0x31, 0x94, 0xBB, 0x25, 0x6F,
    0xA5, 0xA8, 0x8E, 0x6B, 0xAE, 0xE2, 0x68, 0xF6, 0xDB, 0x98, 0xE0, 0xE9, 0xCD, 0x05, 0xC8, 0xCF,
    0x3F, 0x00, 0xEB, 0xE0, 0x60, 0x60, 0xE2, 0x2B, 0x88, 0xF2, 0xE9, 0x35, 0x68, 0x51, 0x95, 0xF9,
    0xD5, 0x91, 0xBD, 0x0E, 0x0C, 0xD0, 0xA7, 0x25, 0x2C, 0xA7, 0x38, 0x50, 0xD0, 0x5B, 0x74, 0x67,
    0xA5, 0x2B, 0x73, 0x2B, 0x62, 0xCD, 0x67, 0x76, 0xF5, 0x84, 0x1A, 0xF7, 0x71, 0x6F, 0x77, 0xDA,
    0x56, 0x3A, 0x3A, 0x5A, 0x99, 0x5A, 0x22, 0x0F, 0x18, 0x25, 0x8C, 0x63, 0x63, 0x69, 0x23, 0xBC,
    0x48, 0x60, 0x38, 0xF6, 0x56, 0xD6, 0x49, 0x45, 0xE4, 0xF4, 0x23, 0x4E, 0x5B, 0x57, 0xFF, 0x00,
    0x4E, 0x2F, 0x08, 0x33, 0x8C, 0x33, 0xAE, 0x73, 0xAD, 0x96, 0x53, 0x56, 0x8C, 0x9A, 0xB7, 0x52,
    0x4A, 0x29, 0xFE, 0x76, 0xB9, 0xA8, 0x3B, 0xA0, 0x2D, 0xA7, 0xB0, 0xE0, 0x47, 0x69, 0x0D, 0x39,
    0x2A, 0xB1, 0xDA, 0x5E, 0x7B, 0x0A, 0x95, 0xCC, 0x46, 0x63, 0x4A, 0x6A, 0xCB, 0x9E, 0x8A, 0xBC,
    0xB2, 0xEB, 0x68, 0x99, 0xB4, 0xF5, 0xD1, 0xB1, 0xF1, 0xB2, 0x57, 0x46, 0xD7, 0x96, 0x87, 0x34,
    0xB4, 0x91, 0xC4, 0x0E, 0x0E, 0x0F, 0x5A, 0x35, 0x72, 0xC9, 0xB4, 0xEE, 0x8E, 0xB3, 0x64, 0xE5,
    0x36, 0xFA, 0xEB, 0x44, 0x36, 0xAD, 0x73, 0xA6, 0xA8, 0x75, 0x8D, 0x34, 0x23, 0x11, 0xD4, 0x4E,
    0x1A, 0xD9, 0x87, 0xB2, 0x72, 0xD2, 0x09, 0xF6, 0x47, 0x09, 0xED, 0x25, 0x51, 0xC3, 0x71, 0x95,
    0x54, 0xC2, 0xD2, 0x57, 0x37, 0x5D, 0xCD, 0xE5, 0x1B, 0x64, 0xD2, 0x5A, 0xD6, 0xEC, 0x74, 0xB6,
    0x9D, 0xB4, 0x5C, 0xEF, 0x0E, 0x6C, 0x60, 0xEA, 0x41, 0x2B, 0x26, 0x6C, 0xB9, 0x89, 0xBE, 0x64,
    0xB0, 0x64, 0xF0, 0x8F, 0x2B, 0x8E, 0x3C, 0x65, 0xAA, 0xAA, 0x2D, 0xAC, 0x4B, 0xCA, 0xA2, 0x4F,
    0x04, 0x70, 0x3D, 0x65, 0xBA, 0x1A, 0x93, 0x70, 0x29, 0xA9, 0xE0, 0xBF, 0x57, 0xF7, 0x7B, 0x69,
    0xE6, 0x92, 0x68, 0x9C, 0xE8, 0x98, 0x1C, 0xC2, 0xFC, 0x65, 0xA0, 0x81, 0x9E, 0x1E, 0x8E, 0x86,
    0xF5, 0x0F, 0xD4, 0xB2, 0x24, 0x96, 0xC3, 0x03, 0x93, 0x96, 0xD3, 0x55, 0x52, 0x50, 0x87, 0x1C,
    0x05, 0x59, 0x6C, 0x2F, 0x0D, 0xA5, 0x1C, 0x4A, 0x86, 0x53, 0xD6, 0x94, 0xFD, 0xF3, 0x0F, 0xBB,
    0x1F, 0x3A, 0xB4, 0x76, 0xA2, 0xB2, 0xFB, 0xAC, 0xDA, 0xB9, 0x2E, 0x79, 0xE4, 0x74, 0xF7, 0xBE,
    0xD6, 0xFD, 0x1A, 0x75, 0xBB, 0x99, 0xBC, 0x25, 0x0F, 0x3B, 0xDC, 0xCE, 0x2F, 0x09, 0xBC, 0x09,
    0x57, 0xAA, 0x3F, 0x14, 0x4E, 0x5E, 0x4E, 0x57, 0x20, 0xF4, 0x57, 0x08, 0x02, 0x0B, 0x04, 0x2C,
    0x41, 0x2A, 0x2E, 0x0A, 0x55, 0x41, 0x00, 0x61, 0x5C, 0x9B, 0x92, 0x84, 0x04, 0x05, 0x40, 0x61,
    0x01, 0x28, 0x0A, 0xDB, 0x04, 0x8E, 0x00, 0x88, 0xDC, 0x41, 0xEF, 0x80, 0xA6, 0xCC, 0x8D, 0x24,
    0xB9, 0x4E, 0x9B, 0xCA, 0x8F, 0xCF, 0x23, 0xA8, 0x7D, 0xF6, 0x8B, 0xE8, 0xD0, 0x2E, 0xB6, 0x79,
    0xF0, 0x94, 0xFC, 0xDF, 0x72, 0x3C, 0xE7, 0x06, 0x7C, 0x09, 0x4B, 0xAA, 0x5F, 0x14, 0x8D, 0x4A,
    0xA9, 0xDF, 0x7D, 0x4D, 0xEE, 0xCF, 0xCE, 0xB4, 0x65, 0xB5, 0x9D, 0xA8, 0xFD, 0xD4, 0x40, 0x90,
    0x11, 0xD3, 0xD0, 0xAE, 0x99, 0x47, 0x16, 0x4F, 0x38, 0xDE, 0xD4, 0xBA, 0x23, 0x45, 0x8E, 0x71,
    0xBD, 0xA9, 0x74, 0x34, 0x58, 0xE7, 0x1B, 0xDA, 0x97, 0x43, 0x45, 0x8E, 0x71, 0xBD, 0xA9, 0x74,
    0x34, 0x58, 0xE7, 0x1B, 0xDA, 0x97, 0x43, 0x45, 0x94, 0xBA, 0x41, 0x8C, 0x05, 0x0D, 0xEE, 0x2C,
    0xA3, 0xCA, 0xCA, 0x43, 0xB0, 0x55, 0x0C, 0x8F, 0x13, 0xD0, 0x48, 0xD3, 0xEC, 0x2C, 0x97, 0x46,
    0x2D, 0x16, 0x39, 0xC6, 0xF6, 0xA5, 0xD1, 0x1A, 0x2C, 0x73, 0x8D, 0xED, 0x4B, 0xA1, 0xA2, 0xC7,
    0x38, 0xDE, 0xD4, 0xBA, 0x1A, 0x2C, 0x73, 0x8D, 0xED, 0x4B, 0xA1, 0xA2, 0xC7, 0x38, 0xDE, 0xD4,
    0xBA, 0x1A, 0x2C, 0xA5, 0xF2, 0x67, 0xA0, 0x2A, 0xB7, 0x72, 0xF1, 0x8D, 0xB1, 0x65, 0x21, 0xF8,
    0x2A, 0xA9, 0xD8, 0xB3, 0x57, 0x3D, 0x39, 0xC6, 0xF6, 0xAC, 0x97, 0x46, 0x3D, 0x16, 0x39, 0xC6,
    0xF6, 0xA5, 0xD1, 0x1A, 0x2C, 0x73, 0x8D, 0xED, 0x4B, 0xA1, 0xA2, 0xC7, 0x38, 0xDE, 0xD4, 0xBA,
    0x1A, 0x2C, 0x73, 0x8D, 0xED, 0x4B, 0xA1, 0xA2, 0xC7, 0x38, 0xDE, 0xD4, 0xBA, 0x1A, 0x2C, 0xA1,
    0xD2, 0x67, 0xAB, 0xA9, 0x55, 0xBB, 0x99, 0x22, 0xAC, 0x53, 0xC4, 0xAA, 0x58, 0xF5, 0xA5, 0x77,
    0xDF, 0x50, 0xFB, 0xB1, 0xF3, 0xA9, 0x8E, 0xD4, 0x56, 0x5F, 0x75, 0x9B, 0x6F, 0x25, 0xCF, 0x3C,
    0x8E, 0x9E, 0xF7, 0xDA, 0xDF, 0xA3, 0x4E, 0xB7, 0xB3, 0x37, 0x84, 0xA1, 0xE7, 0x7B, 0x99, 0xC5,
    0xE1, 0x37, 0x81, 0x2A, 0xF5, 0x47, 0xE2, 0x89, 0xCB, 0xD7, 0x20, 0xF4, 0x41, 0x09, 0xB0, 0x42,
    0x4A, 0x49, 0x55, 0xB8, 0x21, 0x40, 0x08, 0x02, 0xB8, 0x24, 0x0C, 0xA0, 0x27, 0x18, 0x40, 0x4A,
    0x02, 0xE6, 0x18, 0x5B, 0x1B, 0x04, 0xD3, 0x0C, 0xB4, 0xF9, 0x88, 0xFD, 0x1F, 0xD8, 0xAE, 0x97,
    0x2B, 0x31, 0xCA, 0x4D, 0xBD, 0x18, 0x90, 0xFA, 0xB9, 0x9E, 0xE2, 0xE3, 0x23, 0x86, 0x7B, 0xC0,
    0xE0, 0x0F, 0xD0, 0xA6, 0xEC, 0x85, 0x18, 0xAE, 0x43, 0xA3, 0xF2, 0xA4, 0x21, 0xBC, 0xA4, 0x35,
    0x09, 0x3D, 0x00, 0x49, 0x45, 0xF4, 0x58, 0x57, 0x4F, 0x3C, 0xF8, 0x4A, 0x7E, 0x6F, 0xB9, 0x1C,
    0x1E, 0x0C, 0xF8, 0x16, 0x97, 0x9D, 0xF1, 0x48, 0xD4, 0x6A, 0xC9, 0x15, 0x73, 0x0F, 0xE9, 0xBB,
    0xE7, 0x5A, 0x32, 0xDA, 0xCE, 0xD4, 0x6D, 0xA2, 0x8F, 0x1E, 0x25, 0x52, 0xD8, 0x0E, 0x24, 0x18,
    0x0E, 0x24, 0x18, 0x0E, 0x24, 0x18, 0x0E, 0x24, 0x18, 0x0E, 0x24, 0x18, 0x0E, 0x24, 0x18, 0x0E,
    0x24, 0x18, 0x0E, 0x24, 0x18, 0x0E, 0x24, 0x18, 0x0E, 0x24, 0x18, 0x0E, 0x24, 0x18, 0x0E, 0x24,
    0x18, 0x0E, 0x24, 0x18, 0x0E, 0x24, 0x18, 0x0E, 0x24, 0x18, 0x0E, 0x24, 0x18, 0x0E, 0x24, 0x18,
    0x0E, 0x24, 0x18, 0x0E, 0x24, 0x18, 0x0E, 0x24, 0x18, 0x0E, 0x24, 0x18, 0x0E, 0x24, 0x18, 0x0E,
    0x24, 0x18, 0x1E, 0xD4, 0x84, 0x9A, 0xB8, 0x47, 0xF4, 0xDB, 0xF3, 0xAB, 0x47, 0x6A, 0x2B, 0x2B,
    0x68, 0xB3, 0x6E, 0xE4, 0xB6, 0x41, 0xE5, 0x21, 0xA7, 0x88, 0xE9, 0x06, 0x5A, 0xDF, 0xA2, 0xCC,
    0xB7, 0xB3, 0x37, 0x84, 0xA1, 0xE7, 0x7B, 0x99, 0xC5, 0xE1, 0x37, 0x81, 0x6A, 0xF9, 0xBF, 0x14,
    0x4E, 0x70, 0x20, 0x80, 0x9C, 0x77, 0x48, 0x1E, 0xDB, 0x0E, 0x17, 0x2A, 0xCB, 0x79, 0xDE, 0xBC,
    0x97, 0xF6, 0x4F, 0x19, 0xA3, 0x74, 0x0F, 0x2C, 0x78, 0xC3, 0x87, 0xC7, 0xEC, 0xAA, 0xBC, 0x0C,
    0x89, 0xA9, 0x2B, 0xA3, 0xC8, 0x9C, 0xAA, 0x92, 0x14, 0x00, 0x80, 0x25, 0xC1, 0x72, 0x1B, 0x4B,
    0xFD, 0x77, 0xC4, 0xB3, 0x71, 0x4A, 0x71, 0xF9, 0x89, 0xFB, 0xD7, 0xFA, 0xEF, 0x89, 0x47, 0x14,
    0x71, 0xF9, 0x87, 0xDE, 0xBF, 0xD7, 0x7C, 0x4A, 0x78, 0xA3, 0x8F, 0xCC, 0x54, 0xD3, 0x4A, 0xC2,
    0x1D, 0xC3, 0x23, 0xC8, 0xFC, 0x57, 0x60, 0x03, 0xED, 0xA9, 0x5A, 0x25, 0x5E, 0x9B, 0xC0, 0xF3,
    0x96, 0x57, 0x4C, 0xF2, 0xF7, 0x9C, 0x93, 0xF1, 0x7B, 0x0A, 0x1B, 0xB9, 0x29, 0x24, 0xAC, 0x8A,
    0x10, 0xB1, 0xD4, 0xB9, 0x42, 0xDB, 0xDF, 0xAB, 0x69, 0xEC, 0x1B, 0x95, 0x44, 0x0C, 0xD4, 0x17,
    0xAA, 0x38, 0xA9, 0xAB, 0xDC, 0xDE, 0x9E, 0xE7, 0xAE, 0x89, 0x81, 0x8F, 0x63, 0xBB, 0x32, 0x1A,
    0x0B, 0x73, 0xD6, 0x01, 0x2B, 0xAD, 0x9D, 0x61, 0xAF, 0x50, 0xCB, 0x61, 0xB2, 0x49, 0x27, 0xCD,
    0x25, 0x85, 0xBE, 0x47, 0x9B, 0xCC, 0x15, 0x16, 0x4A, 0xEA, 0xE6, 0xAA, 0x98, 0x4A, 0x9B, 0x6E,
    0x3C, 0xF0, 0x6E, 0xE9, 0xAF, 0x4E, 0x3B, 0x8E, 0x7F, 0x4D, 0x79, 0xA6, 0xB9, 0x46, 0xD7, 0x54,
    0x4E, 0xDA, 0x6A, 0xBC, 0x61, 0xE6, 0x40, 0x78, 0x24, 0x3E, 0x88, 0x10, 0x0E, 0x09, 0xEF, 0xE7,
    0xF5, 0xF7, 0x97, 0x2D, 0x54, 0x8C, 0xF6, 0xBB, 0x33, 0xD0, 0xCA, 0x94, 0xA9, 0xBE, 0x2A, 0xBA,
    0xF7, 0x1E, 0xFC, 0x54, 0xFE, 0xAF, 0xA4, 0xF0, 0x9F, 0x62, 0xB7, 0x17, 0x7A, 0x2B, 0x8F, 0x8A,
    0xC7, 0x15, 0x3F, 0xAB, 0xE9, 0x3C, 0x27, 0xD8, 0x9C, 0x5D, 0xE8, 0x63, 0xE2, 0xB1, 0xC5, 0x4F,
    0xEA, 0xFA, 0x4F, 0x09, 0xF6, 0x27, 0x17, 0x7A, 0x18, 0xF8, 0xAC, 0x71, 0x53, 0xFA, 0xBE, 0x93,
    0xC2, 0x7D, 0x89, 0xC5, 0xDE, 0x86, 0x3E, 0x2B, 0x1C, 0x54, 0xFE, 0xAF, 0xA4, 0xF0, 0x9F, 0x62,
    0x71, 0x77, 0xA1, 0x8F, 0x8A, 0xC7, 0x15, 0x3F, 0xAB, 0xE9, 0x3C, 0x27, 0xD8, 0x9C, 0x5D, 0xE8,
    0x63, 0xE2, 0xB1, 0xC5, 0x4F, 0xEA, 0xFA, 0x4F, 0x09, 0xF6, 0x27, 0x17, 0x7A, 0x18, 0xF8, 0xAC,
    0x71, 0x53, 0xFA, 0xBE, 0x93, 0xC2, 0x7D, 0x89, 0xC5, 0xDE, 0x86, 0x3E, 0x2B, 0x1C, 0x54, 0xFE,
    0xAF, 0xA4, 0xF0, 0x9F, 0x62, 0x71, 0x77, 0xA1, 0x8F, 0x8A, 0xC7, 0x15, 0x3F, 0xAB, 0xE9, 0x3C,
    0x27, 0xD8, 0x9C, 0x5D, 0xE8, 0x63, 0xE2, 0xB1, 0xC5, 0x4F, 0xEA, 0xFA, 0x4F, 0x09, 0xF6, 0x27,
    0x17, 0x7A, 0x18, 0xF8, 0xAC, 0x71, 0x53, 0xFA, 0xBE, 0x93, 0xC2, 0x7D, 0x89, 0xC5, 0xDE, 0x86,
    0x3E, 0x2B, 0x1C, 0x54, 0xFE, 0xAF, 0xA4, 0xF0, 0x9F, 0x62, 0x71, 0x77, 0xA1, 0x8F, 0x8A, 0xC7,
    0x15, 0x3F, 0xAB, 0xE9, 0x3C, 0x27, 0xD8, 0x9C, 0x5D, 0xE8, 0x63, 0xE2, 0xB1, 0xC5, 0x4F, 0xEA,
    0xFA, 0x4F, 0x09, 0xF6, 0x27, 0x17, 0x7A, 0x18, 0xF8, 0xAC, 0x71, 0x53, 0xFA, 0xBE, 0x93, 0xC2,
    0x7D, 0x89, 0xC5, 0xDE, 0x86, 0x3E, 0x2B, 0x1C, 0x54, 0xFE, 0xAF, 0xA4, 0xF0, 0x9F, 0x62, 0x71,
    0x77, 0xA1, 0x8F, 0x8A, 0xC7, 0x15, 0x3F, 0xAB, 0xE9, 0x3C, 0x27, 0xD8, 0x9C, 0x5D, 0xE8, 0x63,
    0xE2, 0xB1, 0xC5, 0x4F, 0xEA, 0xFA, 0x4F, 0x09, 0xF6, 0x27, 0x17, 0x7A, 0x18, 0xF8, 0xAC, 0x71,
    0x53, 0xFA, 0xBE, 0x93, 0xC2, 0x7D, 0x89, 0xC5, 0xDE, 0x86, 0x3E, 0x2B, 0x1C, 0x54, 0xFE, 0xAF,
    0xA4, 0xF0, 0x9F, 0x62, 0x71, 0x77, 0xA1, 0x8F, 0x8A, 0xC7, 0x15, 0x3F, 0xAB, 0xE9, 0x3C, 0x27,
    0xD8, 0x9C, 0x5D, 0xE8, 0x63, 0xE2, 0xB1, 0xC5, 0x4F, 0xEA, 0xFA, 0x4F, 0x09, 0xF6, 0x27, 0x17,
    0x7A, 0x18, 0xF8, 0xAC, 0x71, 0x53, 0xFA, 0xBE, 0x93, 0xC2, 0x7D, 0x89, 0xC5, 0xDE, 0x86, 0x3E,
    0x2B, 0x3C, 0x67, 0xBC, 0xD3, 0x5B, 0x18, 0x5F, 0x0C, 0xED, 0xAA, 0xAB, 0xFF, 0x00, 0x56, 0x23,
    0x07, 0x85, 0x87, 0xD1, 0x12, 0x40, 0xC9, 0x1D, 0xE0, 0x15, 0x5D, 0x48, 0xC3, 0x14, 0xEE, 0xCB,
    0x2A, 0x52, 0xA9, 0x83, 0x56, 0x46, 0xF9, 0xC9, 0xC2, 0x8D, 0xFA, 0x7A, 0xB3, 0x50, 0x6E, 0x15,
    0x58, 0x31, 0x5B, 0x74, 0xED, 0xBE, 0x66, 0xC3, 0x2B, 0xBA, 0x04, 0xB5, 0x92, 0xB0, 0xC7, 0x1C,
    0x4D, 0xED, 0x27, 0x8C, 0xE7, 0x1D, 0x59, 0x19, 0xEB, 0x5D, 0x3C, 0xD3, 0x17, 0x4A, 0x53, 0xCB,
    0x25, 0xB2, 0x09, 0xFA, 0x5E, 0x09, 0x1E, 0x7F, 0x84, 0x33, 0x59, 0x44, 0x69, 0x66, 0xD8, 0x63,
    0x2A, 0xB2, 0x57, 0xE6, 0x8A, 0x77, 0x6F, 0xD9, 0xEF, 0x39, 0x69, 0x2B, 0x8D, 0x73, 0xD2, 0x9E,
    0xF0, 0xCC, 0xD9, 0xA3, 0x10, 0xCE, 0x70, 0xD1, 0xE6, 0x24, 0xF4, 0x1F, 0x62, 0x94, 0xEF, 0x83,
    0x31, 0xB4, 0xD3, 0xD2, 0x89, 0xE3, 0x2C, 0x4E, 0x82, 0x42, 0xC7, 0x8C, 0x11, 0xF1, 0xFB, 0x2A,
    0xAD, 0x5B, 0x06, 0x5D, 0x34, 0xD5, 0xD1, 0x42, 0x82, 0x47, 0x52, 0x80, 0x52, 0x4E, 0x54, 0x83,
    0xD5, 0x5C, 0x0E, 0xB4, 0x05, 0x40, 0x61, 0x5A, 0xC4, 0x5C, 0x29, 0x20, 0x20, 0x08, 0x0D, 0xDF,
    0x6E, 0xB7, 0x32, 0xA3, 0x43, 0x36, 0xBA, 0xDF, 0x55, 0x45, 0x0D, 0xF3, 0x4D, 0xDC, 0x9A, 0x19,
    0x5F, 0x67, 0xAB, 0x3F, 0xC5, 0xCC, 0x3B, 0xCE, 0x69, 0xEB, 0x63, 0xC7, 0x79, 0xC3, 0xB0, 0x76,
    0x0C, 0x6F, 0xE4, 0xB9, 0x5B, 0xC9, 0xEF, 0x09, 0x2D, 0x28, 0x4B, 0x6A, 0x7C, 0xBF, 0x26, 0x71,
    0xB3, 0x86, 0x6D, 0x8E, 0x5B, 0xA3, 0x52, 0x12, 0x70, 0xAB, 0x0F, 0xBB, 0x25, 0xB5, 0x73, 0x3D,
    0xEB, 0x98, 0xCD, 0x54, 0x68, 0x8D, 0x9F, 0xD4, 0x72, 0x1A, 0xAA, 0x0D, 0x6D, 0x75, 0xD2, 0x0C,
    0x79, 0xC9, 0xA0, 0xB9, 0xDA, 0x5F, 0x5A, 0x58, 0x7B, 0x1A, 0xF8, 0x88, 0xCB, 0x7B, 0x33, 0x93,
    0xDA, 0xB3, 0xBC, 0x9B, 0x37, 0x55, 0xE3, 0x42, 0xB3, 0x87, 0x33, 0x8D, 0xFD, 0xA8, 0xD3, 0x8E,
    0x5B, 0x9E, 0xB2, 0x75, 0xA1, 0x53, 0x27, 0x8D, 0x5E, 0x78, 0xC9, 0x47, 0xD2, 0x9F, 0xF2, 0x3C,
    0xBC, 0x8A, 0x36, 0xBF, 0xD7, 0x8B, 0xE4, 0xC5, 0x57, 0xD6, 0x55, 0xEE, 0x1C, 0x87, 0xCA, 0xBB,
    0x0F, 0xE6, 0x5F, 0xBE, 0xB9, 0xDB, 0xC8, 0x3F, 0x76, 0x3F, 0x22, 0x7C, 0x89, 0xF6, 0xBF, 0xD7,
    0x8B, 0xE4, 0xC5, 0x57, 0xD7, 0x4E, 0xE1, 0xC8, 0x7C, 0xAB, 0xB0, 0xFE, 0x63, 0xBE, 0xB9, 0xDB,
    0xC8, 0x3F, 0x76, 0x3F, 0x21, 0xE4, 0x4F, 0xB6, 0x1E, 0xBC, 0x5F, 0x26, 0x2A, 0xBE, 0xBA, 0x9E,
    0xE1, 0xC8, 0x7C, 0xAB, 0xB0, 0xFE, 0x63, 0xBE, 0xB9, 0xDB, 0xC8, 0x3F, 0x76, 0x3F, 0x21, 0xE4,
    0x4F, 0xB6, 0x1E, 0xBC, 0x5F, 0x26, 0x2A, 0xBE, 0xBA, 0x8E, 0xE1, 0xC8, 0x7C, 0xAB, 0xB0, 0xFE,
    0x63, 0xBE, 0xB9, 0xDB, 0xC8, 0x3F, 0x76, 0x3F, 0x21, 0xE4, 0x4F, 0xB6, 0x1E, 0xBC, 0x5F, 0x26,
    0x2A, 0xBE, 0xBA, 0x9E, 0xE0, 0xC8, 0x7C, 0xAB, 0xB0, 0xFE, 0x63, 0xBE, 0xB9, 0xDB, 0xC8, 0x3F,
    0x76, 0x3F, 0x21, 0xE4, 0x4D, 0xB6, 0x07, 0xF9, 0xE2, 0xF9, 0x31, 0x55, 0xF5, 0xD3, 0xB8, 0x32,
    0x1F, 0x2A, 0xEC, 0x3F, 0x98, 0xEF, 0xAE, 0x76, 0xF2, 0x0F, 0xDD, 0x8F, 0xC8, 0x9F, 0x22, 0x5D,
    0xB0, 0xF5, 0xE2, 0xF9, 0x31, 0x55, 0xF5, 0xD3, 0xB8, 0x32, 0x1F, 0x2A, 0xEC, 0x3F, 0x98, 0xEF,
    0xAE, 0x76, 0xF2, 0x0F, 0xDD, 0x8F, 0xC8, 0x79, 0x12, 0xED, 0x87, 0xAF, 0x17, 0xC9, 0x8A, 0xAF,
    0xAE, 0x9D, 0xC1, 0x90, 0xF9, 0x57, 0x61, 0xFC, 0xC7, 0x7D, 0x73, 0xB7, 0x90, 0x7E, 0xEC, 0x7E,
    0x44, 0x79, 0x13, 0x6D, 0x80, 0xFE, 0x78, 0xBE, 0x4C, 0x55, 0x7D, 0x74, 0xEE, 0x0C, 0x87, 0xCA,
    0xBB, 0x0F, 0xE6, 0x3B, 0xEB, 0x9D, 0xBC, 0x83, 0xF7, 0x63, 0xF2, 0x1E, 0x44, 0xFB, 0x61, 0xEB,
    0xC5, 0xF2, 0x62, 0xAB, 0xEB, 0xA7, 0x70, 0xE4, 0x3E, 0x55, 0xD8, 0x7F, 0x31, 0xDF, 0x5C, 0xED,
    0xE4, 0x1F, 0xBB, 0x1F, 0x90, 0xF2, 0x27, 0xDB, 0x0F, 0x5E, 0x2F, 0x93, 0x15, 0x5F, 0x5D, 0x47,
    0x70, 0xE4, 0x3E, 0x55, 0xD8, 0x7F, 0x31, 0xDF, 0x5C, 0xED, 0xE4, 0x1F, 0xBB, 0x1F, 0x90, 0xF2,
    0x27, 0xDB, 0x0F, 0x5E, 0x2F, 0x93, 0x15, 0x5F, 0x5D, 0x4F, 0x70, 0xE4, 0x3E, 0x55, 0xD8, 0x7F,
    0x31, 0xDF, 0x5C, 0xED, 0xE4, 0x1F, 0xBB, 0x1F, 0x91, 0x1E, 0x45, 0x1B, 0x5F, 0xEB, 0xC5, 0xF2,
    0x62, 0xAB, 0xEB, 0x28, 0xEE, 0x1C, 0x87, 0xCA, 0xBB, 0x0F, 0xE6, 0x3B, 0xEB, 0x9D, 0xBC, 0x83,
    0xF7, 0x63, 0xF2, 0x1E, 0x45, 0x1B, 0x5F, 0xEB, 0xC5, 0xF2, 0x62, 0xAB, 0xEB, 0x27, 0x70, 0xE4,
    0x3E, 0x55, 0xD8, 0x7F, 0x31, 0xDF, 0x5C, 0xED, 0xE4, 0x1F, 0xBB, 0x1F, 0x90, 0xF2, 0x28, 0xDA,
    0xFF, 0x00, 0x5E, 0x2F, 0x93, 0x15, 0x5F, 0x59, 0x3B, 0x87, 0x21, 0xF2, 0xAE, 0xC3, 0xF9, 0x8E,
    0xFA, 0xE7, 0x6F, 0x20, 0xFD, 0xD8, 0xFC, 0x87, 0x91, 0x46, 0xD7, 0xFA, 0xF1, 0x7C, 0x98, 0xAA,
    0xFA, 0xC9, 0xDC, 0x39, 0x07, 0x95, 0x76, 0x25, 0xF3, 0x1D, 0xF5, 0xCE, 0xDE, 0x41, 0xFB, 0xB1,
    0xF9, 0x0F, 0x22, 0x9D, 0xAE, 0xF5, 0xE3, 0xF9, 0x2F, 0x55, 0xF5, 0x93, 0xB8, 0x72, 0x1F, 0x2A,
    0xEC, 0x3F, 0x98, 0xEF, 0xA6, 0x76, 0xF2, 0x0F, 0xDD, 0x8F, 0xC8, 0x79, 0x14, 0xED, 0x77, 0xAF,
    0x1F, 0xC9, 0x7A, 0xAF, 0xAC, 0x9D, 0xC3, 0x90, 0x79, 0x57, 0x62, 0x5F, 0x31, 0xDF, 0x4C, 0xED,
    0xE4, 0x1F, 0xBB, 0x1F, 0x90, 0xF2, 0x29, 0xDA, 0xEF, 0x5E, 0x3F, 0x92, 0xF5, 0x5F, 0x59, 0x3B,
    0x8B, 0x20, 0xF2, 0xAE, 0xC4, 0xBE, 0x63, 0xBE, 0x99, 0xDB, 0xC8, 0x3F, 0x76, 0x3F, 0x21, 0xE4,
    0x53, 0xB5, 0xDE, 0xBC, 0x7F, 0x25, 0xEA, 0xBE, 0xB2, 0x77, 0x16, 0x41, 0xE5, 0x5D, 0x89, 0x7C,
    0xC9, 0xEF, 0xA6, 0x76, 0xF2, 0x0F, 0xDD, 0x8F, 0xC8, 0x8F, 0x22, 0xAD, 0xAE, 0xF5, 0xE3, 0xF9,
    0x2F, 0x55, 0xF5, 0x93, 0xB8, 0xB2, 0x0F, 0x2A, 0xEC, 0x4B, 0xE6, 0x3B, 0xE9, 0x9D, 0xBC, 0x83,
    0xF7, 0x63, 0xF2, 0x1E, 0x45, 0x5B, 0x5D, 0xEB, 0xC7, 0xF2, 0x5E, 0xAB, 0xEB, 0x27, 0x71, 0x64,
    0x1E, 0x55, 0xD8, 0x97, 0xCC, 0x8E, 0xFA, 0x67, 0x6F, 0x20, 0xFD, 0xD8, 0xFC, 0x87, 0x91, 0x56,
    0xD7, 0x7A, 0xF1, 0xFC, 0x97, 0xAA, 0xFA, 0xC9, 0xDC, 0x59, 0x07, 0x95, 0x76, 0x25, 0xF3, 0x1D,
    0xF4, 0xCE, 0xDE, 0x41, 0xFB, 0xB1, 0xF9, 0x0F, 0x22, 0xAD, 0xAE, 0xF5, 0xE3, 0xF9, 0x2F, 0x55,
    0xF5, 0x93, 0xB8, 0xB2, 0x0F, 0x2A, 0xEC, 0x4B, 0xE6, 0x4F, 0x7D, 0x33, 0xBF, 0x90, 0x7E, 0xEC,
    0x7E, 0x45, 0x70, 0xE8, 0x7D, 0x9F, 0xB1, 0x3C, 0x54, 0x57, 0x6B, 0xCB, 0xB6, 0xA8, 0x8D, 0x9D,
    0x3D, 0xC7, 0x6B, 0xB3, 0xBA, 0x91, 0xCF, 0xF6, 0x0B, 0xE5, 0x24, 0x01, 0xDA, 0xA5, 0x64, 0xD9,
    0xB6, 0x97, 0x1A, 0x75, 0x9C, 0xF9, 0x94, 0x6D, 0xEF, 0x2B, 0x2C, 0xB7, 0x3D, 0xD7, 0x5A, 0x34,
    0xF2, 0x68, 0xD3, 0x7B, 0xE5, 0x35, 0x2F, 0x64, 0x4C, 0x46, 0xE1, 0xEE, 0x89, 0xD5, 0xB4, 0x14,
    0x56, 0x2B, 0x3D, 0xB2, 0x2D, 0x39, 0xA4, 0xAD, 0xE4, 0xBA, 0x92, 0xD3, 0x4E, 0xE2, 0xEC, 0xBF,
    0xA8, 0xCB, 0x2B, 0xCF, 0x4B, 0xDE, 0x7A, 0x7A, 0x4F, 0x56, 0x4F, 0x69, 0x27, 0x5F, 0x2A, 0xCB,
    0x75, 0xF1, 0x54, 0xA9, 0xC7, 0x46, 0x9C, 0x76, 0x2F, 0xE6, 0xF7, 0xB3, 0x6B, 0x20, 0xCD, 0xBD,
    0xCB, 0x39, 0x65, 0x15, 0xE7, 0xAC, 0xAD, 0x2D, 0xB2, 0x7E, 0xE4, 0xB9, 0x11, 0xA1, 0xAE, 0x61,
    0xDB, 0x08, 0x0F, 0x76, 0x55, 0xB9, 0xB1, 0xB5, 0x8E, 0x6B, 0x24, 0x6B, 0x7C, 0xCF, 0x1B, 0x73,
    0x85, 0x6D, 0x2B, 0x14, 0x71, 0x4D, 0xDC, 0x1A, 0xCC, 0x7F, 0xA8, 0x87, 0xFB, 0x29, 0xA5, 0x7E,
    0x41, 0xA1, 0xCE, 0xC8, 0xEE, 0xCF, 0xEA, 0x21, 0xFE, 0xC2, 0x69, 0x73, 0x11, 0xA1, 0xCE, 0xC8,
    0xEE, 0xBF, 0xEA, 0x21, 0xFE, 0xCA, 0x8D, 0x2E, 0x62, 0x74, 0x39, 0xD9, 0x48, 0x19, 0x56, 0x2E,
    0x55, 0xD4, 0xAC, 0x54, 0x29, 0x01, 0x01, 0x20, 0x65, 0x01, 0x50, 0x18, 0x40, 0x10, 0x8B, 0x84,
    0x2A, 0x48, 0x08, 0x4D, 0x8A, 0x94, 0x93, 0x73, 0xA4, 0x59, 0x36, 0x53, 0xC5, 0xBB, 0x45, 0x1D,
    0x7F, 0x8F, 0xCD, 0x13, 0x41, 0xDD, 0x31, 0x36, 0x5E, 0xE5, 0xAE, 0xBC, 0x73, 0x73, 0xC5, 0x91,
    0x9E, 0x17, 0xB7, 0x80, 0xF0, 0xB8, 0x77, 0xC2, 0xEA, 0xD3, 0xCD, 0xFA, 0xC8, 0x29, 0xEB, 0xA0,
    0xAF, 0xC8, 0xE5, 0x8F, 0xE7, 0x81, 0xE7, 0x2B, 0x67, 0x9D, 0x4D, 0x49, 0x53, 0xEE, 0x6A, 0xB2,
    0xB3, 0xB5, 0xD4, 0x2E, 0x9F, 0x53, 0xBE, 0xC2, 0xFB, 0xC8, 0x03, 0xF3, 0x91, 0xB7, 0xDF, 0x0E,
    0xFE, 0xED, 0x65, 0xEF, 0x67, 0x4F, 0x4F, 0xD6, 0xFA, 0x18, 0x3B, 0xFD, 0xF8, 0x4A, 0xDE, 0xA7,
    0xD4, 0x91, 0xC9, 0xFF, 0x00, 0xF3, 0x8F, 0xB7, 0xFF, 0x00, 0x0E, 0xFE, 0xED, 0x3B, 0xDB, 0xD3,
    0xD3, 0xF5, 0xBE, 0x84, 0x77, 0xFB, 0xF0, 0x95, 0xBD, 0x4F, 0xA9, 0x3E, 0x40, 0x1F, 0x9C, 0x7D,
    0xBE, 0xF8, 0x77, 0xF7, 0x6A, 0x3B, 0xDB, 0xD3, 0xD3, 0xF5, 0xBE, 0x84, 0x77, 0xFF, 0x00, 0xF0,
    0x75, 0xBD, 0x4F, 0xA8, 0xF2, 0x00, 0xFC, 0xE4, 0x6D, 0xF7, 0xC3, 0xBF, 0xBB, 0x4E, 0xF6, 0xF4,
    0xF4, 0xFD, 0x6F, 0xA1, 0x1D, 0xFF, 0x00, 0xFC, 0x1D, 0x6F, 0xD3, 0xFA, 0x8F, 0x20, 0x1F, 0xCE,
    0x46, 0xDF, 0x7C, 0x3B, 0xFB, 0xB4, 0xEF, 0x77, 0x4D, 0x4F, 0xD6, 0xFA, 0x0F, 0xB4, 0x1F, 0x83,
    0xAD, 0xFA, 0x7F, 0x52, 0x3E, 0xE7, 0xFF, 0x00, 0xCE, 0x4E, 0xDF, 0x7C, 0x3B, 0xFB, 0xB5, 0x1D,
    0xEE, 0xE9, 0xE9, 0xFA, 0xDF, 0x41, 0xF6, 0x83, 0xF0, 0x75, 0xFF, 0x00, 0x4F, 0xEA, 0x3E, 0xE7,
    0xEF, 0xCE, 0x4E, 0xDE, 0xFC, 0x3B, 0xFB, 0xB5, 0x1D, 0xEE, 0xE9, 0xE9, 0xFA, 0xDF, 0x42, 0x3E,
    0xD0, 0xFE, 0x0E, 0xBF, 0xE9, 0xFD, 0x47, 0xDC, 0xFF, 0x00, 0xF9, 0xC9, 0xDB, 0xDF, 0x87, 0x7F,
    0x76, 0xA3, 0xBD, 0xDD, 0x34, 0x3D, 0x6F, 0xA1, 0x1F, 0x68, 0x7F, 0x07, 0x5F, 0xF4, 0xFE, 0xA4,
    0x7D, 0xCF, 0xD9, 0xFE, 0x72, 0x76, 0xF7, 0xE1, 0xDF, 0xDD, 0xA7, 0x7B, 0xBA, 0x78, 0x7A, 0xDF,
    0x42, 0x3E, 0xD1, 0x7E, 0x0A, 0xBF, 0xE9, 0xFD, 0x47, 0xDC, 0xFB, 0xF9, 0xCA, 0xDB, 0xCF, 0x87,
    0xBF, 0x76, 0x9D, 0xEE, 0xE9, 0xA1, 0xEB, 0x7D, 0x07, 0xDA, 0x2F, 0xC1, 0x57, 0xFD, 0x3F, 0xA8,
    0xFB, 0x9F, 0x7F, 0x39, 0x5B, 0x79, 0xF0, 0xF7, 0xEE, 0xD4, 0x77, 0xBB, 0xA6, 0x87, 0xAD, 0xF4,
    0x23, 0xED, 0x1F, 0xE0, 0xAB, 0xFE, 0x9F, 0xD4, 0x8F, 0xB9, 0xF7, 0xF3, 0x95, 0xB7, 0x9F, 0x0F,
    0x7E, 0xED, 0x3B, 0xDD, 0xD3, 0x43, 0xD6, 0xFA, 0x0F, 0xB4, 0x7F, 0x82, 0xAF, 0xFA, 0x7F, 0x52,
    0x0F, 0x27, 0xCC, 0xFF, 0x00, 0x39, 0x5B, 0x79, 0xF0, 0xF7, 0xEE, 0xD4, 0x77, 0xBF, 0xA6, 0x87,
    0xAD, 0xF4, 0x1F, 0x69, 0x3F, 0x03, 0x5F, 0xF4, 0xFE, 0xA3, 0xEE, 0x7B, 0xFC, 0xE5, 0xED, 0xDF,
    0xC3, 0xDF, 0xBB, 0x4E, 0xF7, 0xF4, 0xD0, 0xF5, 0xBE, 0x83, 0xED, 0x27, 0xE0, 0x6B, 0xFE, 0x9F,
    0xD4, 0x7D, 0xCF, 0x7F, 0x9C, 0xBD, 0xBB, 0xF8, 0x7B, 0xF7, 0x6A, 0xBD, 0xEF, 0xE9, 0xA1, 0xEB,
    0x7D, 0x07, 0xDA, 0x5F, 0xC0, 0xE5, 0x1F, 0xA7, 0xF5, 0x1F, 0x73, 0xDF, 0xE7, 0x2F, 0x6E, 0xFE,
    0x1E, 0xFD, 0xDA, 0x77, 0xBF, 0xA6, 0x87, 0xAD, 0xF4, 0x23, 0xED, 0x2F, 0xE0, 0x72, 0x8F, 0xD3,
    0xFA, 0x8F, 0xB9, 0xEF, 0x3F, 0xCE, 0x66, 0xDD, 0xFC, 0x3D, 0xFB, 0xB5, 0x1D, 0xEF, 0xE9, 0xA1,
    0xEB, 0x7D, 0x03, 0xE1, 0x3F, 0xE0, 0x72, 0x8F, 0xD3, 0xFF, 0x00, 0x51, 0x1F, 0x73, 0xCF, 0xE7,
    0x33, 0x6E, 0xFE, 0x1E, 0xFD, 0xDA, 0x77, 0xBF, 0xA6, 0x87, 0xAD, 0xF4, 0x2B, 0xF6, 0x9F, 0xF0,
    0x39, 0x47, 0xE9, 0xFF, 0x00, 0xA8, 0xB1, 0xBE, 0xEC, 0x77, 0x88, 0x76, 0x6A, 0xDB, 0x87, 0x92,
    0x06, 0x85, 0xB8, 0x77, 0x34, 0x4E, 0x97, 0xB9, 0x68, 0x2F, 0x5C, 0xEC, 0xF2, 0xE0, 0x67, 0x85,
    0x8D, 0xE0, 0x1C, 0x4E, 0x3D, 0xE1, 0x95, 0x4A, 0x99, 0x16, 0x84, 0x5C, 0xB5, 0xB0, 0x76, 0xDC,
    0xF1, 0xF7, 0x1B, 0x19, 0x3F, 0x08, 0x7B, 0xA2, 0xB4, 0x68, 0xF7, 0x1D, 0x78, 0xE9, 0x3B, 0x5E,
    0x54, 0xEC, 0x97, 0x3B, 0x77, 0xC1, 0x1C, 0xC9, 0x73, 0x4F, 0x5F, 0x62, 0x09, 0xC2, 0x02, 0x92,
    0x72, 0xAA, 0x02, 0x80, 0x10, 0x04, 0xB8, 0x20, 0x95, 0x00, 0xA5, 0x2E, 0x02, 0x80, 0x10, 0x17,
    0x0B, 0x60, 0xA8, 0x40, 0x10, 0x12, 0x02, 0x02, 0xA4, 0x01, 0x0A, 0xDC, 0x75, 0xA1, 0x06, 0xDF,
    0xB6, 0x7B, 0x4B, 0xAB, 0xF7, 0x87, 0x50, 0x1B, 0x26, 0x8D, 0xB0, 0xD5, 0x5F, 0xEE, 0x4D, 0x8C,
    0xCA, 0xF8, 0xE9, 0xC0, 0x0D, 0x89, 0x80, 0xE3, 0x8D, 0xEF, 0x71, 0x0D, 0x63, 0x72, 0x40, 0xCB,
    0x88, 0x19, 0x20, 0x2A, 0xCA, 0x51, 0x82, 0xBC, 0x99, 0x92, 0x31, 0x72, 0x76, 0x46, 0x57, 0x75,
    0x36, 0x03, 0x70, 0x36, 0x51, 0x94, 0x32, 0x6B, 0x3D, 0x35, 0x51, 0x67, 0xA6, 0xAE, 0x24, 0x53,
    0x55, 0xB6, 0x58, 0xAA, 0x29, 0xE5, 0x23, 0xAD, 0xAD, 0x96, 0x27, 0x3D, 0x85, 0xC3, 0xD0, 0xF1,
    0x67, 0xD8, 0x51, 0x1A, 0x91, 0x9F, 0xDD, 0x62, 0x50, 0x94, 0x76, 0xA3, 0xCE, 0xE5, 0xB1, 0x1A,
    0xEE, 0xD3, 0xA9, 0x34, 0x9D, 0x86, 0x7D, 0x3F, 0x23, 0xEE, 0x9A, 0xB2, 0x08, 0x2A, 0xAC, 0x91,
    0xD3, 0x54, 0x43, 0x3B, 0x2B, 0xA2, 0x98, 0xE2, 0x37, 0x32, 0x48, 0xDE, 0xE6, 0x74, 0x9E, 0xBC,
    0xB8, 0x70, 0xF5, 0xBB, 0x01, 0x14, 0xE2, 0xD3, 0x77, 0xD8, 0x43, 0x84, 0x93, 0x4A, 0xDB, 0x4C,
    0xE6, 0x90, 0xE4, 0xA9, 0xB9, 0xFA, 0xF2, 0xF9, 0xAB, 0x6D, 0x16, 0x2D, 0x3F, 0x4D, 0x5D, 0x5D,
    0xA4, 0xE7, 0x8E, 0x9A, 0xF4, 0x3C, 0x58, 0xA1, 0x8E, 0x3A, 0x49, 0x1E, 0xE7, 0xB5, 0xAD, 0x32,
    0x3E, 0x60, 0xC7, 0xF9, 0x68, 0xA4, 0x1E, 0x51, 0xCE, 0xC1, 0x6E, 0x0E, 0x3A, 0x11, 0xD5, 0x84,
    0x52, 0x6D, 0xED, 0x25, 0x53, 0x93, 0x6D, 0x25, 0xB0, 0xD7, 0xF7, 0x43, 0x64, 0xB5, 0xC6, 0xCB,
    0x57, 0xD2, 0x52, 0x6B, 0x4D, 0x3B, 0x55, 0x63, 0x92, 0xAD, 0x86, 0x4A, 0x69, 0x64, 0x2C, 0x96,
    0x19, 0xDA, 0x31, 0x93, 0x1C, 0xB1, 0xB9, 0xCC, 0x7E, 0x32, 0x33, 0xC2, 0xE3, 0x8C, 0x8C, 0xF5,
    0x85, 0x68, 0xCE, 0x33, 0xFB, 0xAC, 0x89, 0x42, 0x50, 0xFB, 0xC8, 0xA7, 0x6A, 0x36, 0x6B, 0x58,
    0x6F, 0x85, 0xFE, 0xB2, 0xCB, 0xA2, 0xED, 0x2D, 0xBC, 0x5C, 0xA8, 0xE8, 0x9F, 0x70, 0x9E, 0x27,
    0xD5, 0xC1, 0x4C, 0x23, 0xA7, 0x63, 0xD8, 0xC7, 0x3C, 0xBE, 0x67, 0xB1, 0xB8, 0x0E, 0x91, 0x83,
    0x19, 0xCF, 0x4E, 0x71, 0x80, 0x70, 0x9C, 0xE3, 0x05, 0x79, 0x08, 0xC1, 0xCD, 0xDA, 0x26, 0x4B,
    0x74, 0x79, 0x3B, 0x6E, 0x2E, 0xCC, 0xD0, 0xD1, 0xD7, 0xEA, 0xFD, 0x31, 0x3D, 0xAE, 0xDD, 0x58,
    0xFE, 0x6E, 0x0A, 0xF8, 0xA6, 0x8A, 0xAA, 0x95, 0xEF, 0xC1, 0x3C, 0x22, 0x68, 0x5E, 0xF6, 0x71,
    0x60, 0x13, 0x8C, 0xE4, 0xE0, 0xF6, 0x15, 0x11, 0xA9, 0x19, 0xE1, 0x16, 0x25, 0x09, 0x43, 0x6A,
    0x36, 0xBB, 0x4F, 0x22, 0x6D, 0xE4, 0xBD, 0xD8, 0x2C, 0xF7, 0xAA, 0x5D, 0x2D, 0x48, 0x2D, 0xB7,
    0x7A, 0x28, 0x6E, 0x14, 0x32, 0xD4, 0x5F, 0xED, 0xD0, 0x3A, 0x6A, 0x79, 0x58, 0x1F, 0x1B, 0xC3,
    0x24, 0xA8, 0x6B, 0x80, 0x2D, 0x20, 0xE0, 0x80, 0x47, 0x51, 0x00, 0xAA, 0xBA, 0xD0, 0x4E, 0xD7,
    0xF7, 0x97, 0x54, 0xA6, 0xD5, 0xEC, 0x68, 0x36, 0x1D, 0x96, 0xD6, 0xBA, 0xA7, 0x71, 0x2B, 0x74,
    0x35, 0x9E, 0xC3, 0x35, 0xD3, 0x54, 0x51, 0x4B, 0x34, 0x55, 0x34, 0x74, 0x72, 0xC7, 0x2B, 0x62,
    0x31, 0x3B, 0x86, 0x47, 0x3A, 0x56, 0xB8, 0xC6, 0x18, 0xD3, 0xD1, 0xC7, 0xC5, 0xC3, 0xD2, 0x3A,
    0x7A, 0x42, 0xB3, 0x9C, 0x52, 0xD2, 0x6F, 0x02, 0x8A, 0x12, 0x6F, 0x45, 0x6D, 0x2F, 0x37, 0x37,
    0x93, 0xFE, 0xBF, 0xD9, 0xEB, 0x75, 0xBE, 0xE3, 0xAB, 0x34, 0xFB, 0xAD, 0xF6, 0xDA, 0xF7, 0xBA,
    0x2A, 0x6A, 0xF8, 0x2A, 0xA0, 0xAB, 0xA6, 0x91, 0xE3, 0xA4, 0xB3, 0x9D, 0x81, 0xEF, 0x60, 0x76,
    0x01, 0xF2, 0xA4, 0xE7, 0xA0, 0xF4, 0x74, 0x15, 0x11, 0x9C, 0x67, 0x82, 0x62, 0x50, 0x94, 0x76,
    0xA2, 0xF2, 0x7E, 0x4C, 0xDB, 0x97, 0x4F, 0xBA, 0xF3, 0xED, 0xAB, 0xB4, 0xB4, 0xAE, 0xD6, 0x94,
    0xF0, 0x8A, 0x89, 0xED, 0xD1, 0xD5, 0x40, 0xF6, 0xC3, 0x11, 0x8C, 0x49, 0xCE, 0x3E, 0x61, 0x21,
    0x89, 0x8D, 0xE1, 0x73, 0x49, 0x73, 0x9E, 0x00, 0xC8, 0x04, 0xE7, 0xA1, 0x46, 0xB2, 0x3A, 0x3A,
    0x57, 0xC0, 0x9D, 0x5C, 0xB4, 0xB4, 0x6D, 0x89, 0xCD, 0xAE, 0x34, 0x52, 0xDB, 0x2B, 0xEA, 0x68,
    0xE6, 0x74, 0x4E, 0x9A, 0x9E, 0x47, 0x44, 0xF3, 0x04, 0xCC, 0x9A, 0x32, 0xE6, 0x9C, 0x1E, 0x17,
    0xB0, 0x96, 0xBC, 0x74, 0x74, 0x39, 0xA4, 0x83, 0xD6, 0x09, 0x0A, 0xE6, 0x3D, 0x87, 0x6B, 0xB4,
    0xF2, 0x22, 0xDE, 0xAB, 0xEE, 0x9D, 0xB5, 0x5F, 0x2D, 0xFA, 0x30, 0x56, 0x50, 0x5D, 0x68, 0x22,
    0xB9, 0xD1, 0x08, 0xAE, 0xB4, 0x26, 0x7A, 0x8A, 0x69, 0x18, 0x1E, 0xC9, 0x1B, 0x07, 0x3D, 0xCE,
    0x1C, 0xB4, 0x83, 0x8E, 0x1C, 0xF7, 0x88, 0xCA, 0xC4, 0xEB, 0x41, 0x3B, 0x5C, 0xCC, 0xA9, 0x4D,
    0xAB, 0xD8, 0xE3, 0x55, 0x36, 0x2B, 0x8D, 0x15, 0xEE, 0x4B, 0x3D, 0x45, 0x05, 0x4D, 0x3D, 0xDA,
    0x39, 0xCD, 0x2B, 0xE8, 0x65, 0x89, 0xCD, 0x99, 0x93, 0x07, 0x70, 0x98, 0xCB, 0x08, 0xC8, 0x77,
    0x17, 0x46, 0x31, 0x9C, 0xAC, 0xB7, 0x56, 0xB9, 0x8A, 0xCE, 0xF6, 0x36, 0xAD, 0xDD, 0xD9, 0x3D,
    0x6B, 0xB1, 0x1A, 0x82, 0x9A, 0xC9, 0xAE, 0x6C, 0x6E, 0xB1, 0x5C, 0xEA, 0x69, 0x85, 0x5C, 0x31,
    0x1A, 0x88, 0x67, 0x6B, 0xE2, 0x2E, 0x73, 0x38, 0x83, 0xE2, 0x7B, 0x9B, 0xE6, 0x98, 0xE0, 0x46,
    0x72, 0x31, 0xD2, 0x3A, 0x42, 0xA4, 0x66, 0xAA, 0x2B, 0xC4, 0xBC, 0xA0, 0xE0, 0xED, 0x23, 0x31,
    0xB7, 0x5C, 0x98, 0x37, 0x3B, 0x75, 0xB4, 0xFC, 0x77, 0xCD, 0x35, 0xA5, 0xDF, 0x57, 0x68, 0x9A,
    0x63, 0x4F, 0x05, 0x65, 0x55, 0x65, 0x3D, 0x1C, 0x75, 0x12, 0x83, 0x82, 0xC8, 0x8C, 0xF2, 0x33,
    0x9C, 0x20, 0xF4, 0x61, 0x99, 0xE9, 0x18, 0xEB, 0x51, 0x2A, 0x90, 0x83, 0xB3, 0x65, 0x94, 0x25,
    0x25, 0x74, 0x8C, 0x5D, 0xB7, 0x61, 0x75, 0xF5, 0xD7, 0x54, 0xEA, 0xBD, 0x37, 0x0E, 0x9B, 0xA8,
    0x8E, 0xFB, 0xA5, 0xAD, 0xF3, 0xDD, 0x6F, 0x14, 0x35, 0x52, 0xC7, 0x4F, 0x25, 0x25, 0x2C, 0x3C,
    0x1C, 0xE4, 0x87, 0x9C, 0x73, 0x78, 0xB1, 0xCE, 0x30, 0x80, 0xDC, 0x97, 0x07, 0x02, 0xD0, 0x42,
    0x39, 0xC6, 0xC9, 0xDF, 0x69, 0x1A, 0x12, 0x6D, 0xAB, 0x6C, 0x31, 0x36, 0x8D, 0xB0, 0xD4, 0xD7,
    0xED, 0x03, 0x7F, 0xD6, 0xB4, 0x36, 0xDE, 0x7F, 0x4C, 0xD8, 0x66, 0x82, 0x0B, 0x8D, 0x77, 0x3F,
    0x13, 0x79, 0x87, 0xCC, 0xEE, 0x18, 0x87, 0x01, 0x70, 0x7B, 0xB2, 0x7A, 0x32, 0xD6, 0x90, 0x3B,
    0xF8, 0x47, 0x24, 0x9A, 0x8F, 0x28, 0x51, 0x6D, 0x5C, 0xE9, 0x56, 0x7E, 0x44, 0x7B, 0xCD, 0x7E,
    0xB2, 0x59, 0x6E, 0xD4, 0x3A, 0x4E, 0x9E, 0x6A, 0x3B, 0xD5, 0x14, 0x37, 0x0B, 0x78, 0x75, 0xF2,
    0xDE, 0xC9, 0xAA, 0x60, 0x95, 0xA1, 0xF1, 0xBD, 0xB1, 0x3A, 0x71, 0x27, 0x96, 0x04, 0x74, 0x70,
    0xE7, 0xBD, 0x8C, 0xAC, 0x6E, 0xAC, 0x13, 0xB5, 0xCC, 0x8A, 0x94, 0xB6, 0xD8, 0xE6, 0xB6, 0xCD,
    0xAB, 0xD6, 0x17, 0xAD, 0x7E, 0xED, 0x0F, 0x43, 0xA7, 0x2E, 0x35, 0x3A, 0xB5, 0x95, 0x0F, 0xA5,
    0x7D, 0x9D, 0x90, 0x1E, 0xE8, 0x64, 0x8C, 0xCF, 0x18, 0x73, 0x7B, 0xC1, 0xB8, 0x24, 0x93, 0xD0,
    0x00, 0xC9, 0x38, 0x59, 0x34, 0x92, 0x5A, 0x57, 0xC0, 0xC7, 0x66, 0xDE, 0x8D, 0x8D, 0xB3, 0x73,
    0x39, 0x2B, 0x6E, 0xAE, 0xCF, 0xE9, 0xFF, 0x00, 0x17, 0x35, 0x5E, 0x8F, 0xA9, 0xB7, 0xD9, 0xC4,
    0x82, 0x19, 0x2B, 0xA0, 0xA8, 0x82, 0xAE, 0x28, 0x5E, 0x4E, 0x03, 0x64, 0x74, 0x2F, 0x78, 0x8C,
    0x92, 0x40, 0xF2, 0xF8, 0xE9, 0x20, 0x75, 0xAA, 0xC6, 0xA4, 0x64, 0xEC, 0x99, 0x32, 0xA7, 0x28,
    0xAB, 0xB4, 0x60, 0xF6, 0x8B, 0x63, 0x75, 0xC6, 0xFB, 0xDE, 0x6B, 0xAD, 0x5A, 0x16, 0xC2, 0xFB,
    0xED, 0x75, 0x15, 0x37, 0x75, 0xD4, 0x46, 0xDA, 0x88, 0x60, 0x11, 0xC7, 0xC4, 0x1B, 0x9E, 0x29,
    0x5E, 0xD6, 0x92, 0x4B, 0x80, 0x0D, 0x07, 0x27, 0xA7, 0x03, 0xA0, 0xE2, 0x65, 0x38, 0xC3, 0x19,
    0x08, 0xC1, 0xCF, 0x04, 0x6B, 0x3A, 0x77, 0x4B, 0x5D, 0x35, 0x66, 0xAA, 0xB6, 0x69, 0xBB, 0x5D,
    0x23, 0xAA, 0x2F, 0x77, 0x2A, 0xD8, 0xAD, 0xF4, 0xB4, 0x8E, 0x73, 0x63, 0x2F, 0xA8, 0x91, 0xE2,
    0x36, 0x30, 0x97, 0x90, 0x1B, 0x97, 0x38, 0x0C, 0xB8, 0x80, 0x3B, 0xE4, 0x2B, 0x36, 0x92, 0xBB,
    0x09, 0x5D, 0xD9, 0x1D, 0x86, 0xFD, 0xC8, 0x6F, 0x7B, 0xB4, 0xED, 0x05, 0xC6, 0xAE, 0xAB, 0x44,
    0xF3, 0xCC, 0xB7, 0xC6, 0xF9, 0x6A, 0xA2, 0xA0, 0xBA, 0xD0, 0xD6, 0x4F, 0x13, 0x5B, 0xE6, 0x89,
    0x86, 0x19, 0xDF, 0x27, 0x47, 0xB0, 0xD5, 0x8B, 0x5D, 0x07, 0xB1, 0x99, 0x1D, 0x39, 0xAE, 0x43,
    0x5C, 0xDA, 0xFE, 0x4B, 0x7B, 0x9B, 0xBC, 0xDA, 0x52, 0xA3, 0x52, 0xE9, 0x1D, 0x3D, 0x0D, 0xCA,
    0xC9, 0x05, 0x6B, 0xAD, 0xD2, 0x55, 0xCD, 0x74, 0xA3, 0xA4, 0x02, 0xA0, 0x31, 0x92, 0x18, 0xC3,
    0x66, 0x99, 0x8E, 0x27, 0x86, 0x46, 0x1E, 0x80, 0x41, 0xCF, 0x47, 0x48, 0x38, 0x4A, 0xA4, 0x62,
    0xEC, 0xD9, 0x11, 0x84, 0xA4, 0xAE, 0x8D, 0x47, 0x71, 0xB6, 0xBF, 0x55, 0xED, 0x1E, 0xA3, 0x7D,
    0x87, 0x58, 0xD8, 0xAA, 0xEC, 0x17, 0x66, 0xB0, 0x48, 0x29, 0xEA, 0xD9, 0x8E, 0x36, 0x1C, 0x80,
    0xF6, 0x38, 0x65, 0xAF, 0x69, 0x20, 0x8E, 0x26, 0x92, 0x32, 0x08, 0xCF, 0x42, 0xB2, 0x92, 0x92,
    0xBA, 0x2A, 0xE2, 0xE2, 0xEC, 0xCD, 0x5D, 0x49, 0x51, 0xD4, 0xA0, 0x14, 0x93, 0x95, 0x20, 0x85,
    0x17, 0x01, 0x40, 0x08, 0x08, 0x25, 0x09, 0xB1, 0x72, 0xB6, 0x0A, 0x04, 0x05, 0x40, 0x20, 0x25,
    0x08, 0x08, 0x54, 0x90, 0x32, 0x84, 0xD8, 0x9E, 0xA5, 0x3B, 0x09, 0xD8, 0x7D, 0x5F, 0xC9, 0x31,
    0xC3, 0x59, 0xEC, 0x2E, 0xF6, 0xED, 0x9D, 0x82, 0xE3, 0x4B, 0x6D, 0xDC, 0x1D, 0x49, 0x15, 0xBE,
    0x6B, 0x5C, 0x55, 0x35, 0x4C, 0xA6, 0x37, 0x28, 0x61, 0x94, 0xBA, 0x6A, 0x66, 0x48, 0xE2, 0x07,
    0x11, 0x69, 0x23, 0x84, 0x91, 0xC4, 0x1E, 0x7B, 0xC1, 0xC4, 0x6A, 0xD5, 0xC2, 0x71, 0x9B, 0xD8,
    0x8C, 0xF4, 0xF8, 0xD1, 0x94, 0x56, 0xD6, 0x68, 0x3B, 0xAD, 0xB2, 0x9B, 0x89, 0xB2, 0xDB, 0x51,
    0x6E, 0xA1, 0xD6, 0xDA, 0x8A, 0x1B, 0x2C, 0x15, 0x77, 0x57, 0x4D, 0x06, 0x82, 0x7D, 0xD0, 0xCD,
    0x51, 0xC4, 0x23, 0xC1, 0xAE, 0x30, 0x46, 0x5D, 0x1B, 0x47, 0x5B, 0x38, 0x9C, 0x43, 0xBA, 0x7A,
    0x01, 0x05, 0x64, 0x84, 0xE3, 0x39, 0x71, 0x57, 0xE6, 0x52, 0x50, 0x94, 0x23, 0xC6, 0x7F, 0x91,
    0xDA, 0xF9, 0x32, 0xEE, 0xED, 0xD2, 0xD3, 0xC9, 0x17, 0x73, 0xEF, 0x4E, 0xA6, 0xA6, 0xAC, 0xBF,
    0xED, 0x9B, 0x61, 0x1A, 0x52, 0xEB, 0x50, 0xD2, 0xE9, 0xED, 0x62, 0xE9, 0x23, 0xA9, 0xEA, 0x04,
    0x67, 0xBC, 0x1B, 0xC2, 0x5E, 0xDC, 0xFE, 0x33, 0x8F, 0x7B, 0xA1, 0x62, 0xAB, 0x04, 0xEA, 0x45,
    0x6F, 0xDB, 0xF9, 0x19, 0x69, 0xCD, 0xAA, 0x6D, 0xEE, 0xD9, 0xF9, 0x98, 0x5E, 0x48, 0x1A, 0x32,
    0xFF, 0x00, 0xB9, 0x9C, 0x9A, 0x39, 0x4C, 0x69, 0xFD, 0x3D, 0x41, 0x35, 0xE6, 0xFD, 0x71, 0x8A,
    0xC1, 0xCC, 0x52, 0xC6, 0xE1, 0xCE, 0x4C, 0xE1, 0x55, 0x50, 0xF7, 0x74, 0xB8, 0x81, 0x9C, 0x35,
    0xC7, 0xA4, 0xF7, 0x94, 0xD6, 0x6A, 0x35, 0x20, 0xDE, 0xCC, 0x4A, 0xD2, 0x4E, 0x50, 0x9A, 0x5C,
    0xC7, 0x9E, 0xF7, 0xDA, 0xAB, 0x36, 0x7F, 0x91, 0x8E, 0x94, 0xDA, 0xFD, 0x6F, 0x59, 0x4E, 0xFD,
    0x7E, 0xFD, 0x55, 0x2D, 0xEA, 0x9E, 0xCC, 0xCA, 0xA6, 0x54, 0x4D, 0x68, 0xB7, 0xF7, 0x3B, 0xA3,
    0x2C, 0x90, 0xB1, 0xCE, 0x0C, 0xE3, 0x91, 0xC5, 0xE1, 0xB9, 0xE9, 0xE3, 0x3D, 0xF6, 0x9C, 0x4C,
    0x1E, 0x9D, 0x57, 0x38, 0xEC, 0xB0, 0x9A, 0xD1, 0xA6, 0xA3, 0x2D, 0xB7, 0x2C, 0xBF, 0x83, 0xC2,
    0xCD, 0x5B, 0xA8, 0xB5, 0x96, 0xEE, 0xDA, 0x6D, 0xB4, 0xEE, 0xAB, 0xB8, 0xD7, 0xED, 0xAD, 0xDE,
    0x96, 0x9A, 0x9D, 0x84, 0x07, 0x4B, 0x2B, 0xE4, 0xA6, 0x6B, 0x1A, 0x33, 0xD1, 0x92, 0x48, 0x1D,
    0x3D, 0xA9, 0x94, 0x3B, 0x28, 0xB7, 0xBD, 0x0A, 0x0A, 0xEE, 0x49, 0x6E, 0x33, 0x75, 0x1A, 0x32,
    0xF7, 0xC9, 0xCB, 0x91, 0x96, 0xE7, 0x69, 0x5D, 0xCD, 0x74, 0x36, 0xBB, 0xD6, 0xAD, 0xB8, 0x5B,
    0x8E, 0x9E, 0xD3, 0x13, 0x55, 0xC7, 0x35, 0x4C, 0x4F, 0x86, 0x5E, 0x39, 0xEA, 0x8C, 0x6C, 0x73,
    0xB9, 0xB6, 0x96, 0x06, 0xB7, 0x88, 0xE3, 0x25, 0x80, 0x1F, 0x34, 0x33, 0x5D, 0x25, 0x52, 0xAA,
    0x94, 0x39, 0x09, 0xB3, 0x85, 0x36, 0xA5, 0xCA, 0x76, 0xBD, 0xC3, 0xDA, 0xFA, 0xCD, 0x73, 0xB6,
    0x9B, 0x19, 0x59, 0x4F, 0xC9, 0xF7, 0xC9, 0x71, 0x91, 0x6D, 0xED, 0x9E, 0x13, 0x76, 0xF1, 0xC1,
    0x51, 0x6F, 0xEE, 0x73, 0xCC, 0x83, 0xCC, 0x70, 0x45, 0x2B, 0x03, 0xB1, 0x9E, 0x2E, 0x22, 0x33,
    0xE5, 0xF1, 0x9E, 0x85, 0x82, 0x32, 0xB4, 0xA5, 0xC6, 0xB6, 0x2C, 0xCB, 0x28, 0xDD, 0x47, 0x8B,
    0x7C, 0x0F, 0x9A, 0x39, 0x38, 0xDA, 0x35, 0xD6, 0x8A, 0xDF, 0xED, 0x73, 0x64, 0xD3, 0xF6, 0x8D,
    0x35, 0x6A, 0xBE, 0x3A, 0xDB, 0x5D, 0x6E, 0xAD, 0xD1, 0x1A, 0xAA, 0xB5, 0xC2, 0x3A, 0xFA, 0x59,
    0x1C, 0xD2, 0xFB, 0x7C, 0x52, 0x67, 0xCB, 0xCB, 0x80, 0xCC, 0x12, 0xF6, 0xE7, 0x84, 0x92, 0x48,
    0xE2, 0x5B, 0x35, 0x1C, 0x5C, 0x13, 0x7E, 0x93, 0x05, 0x3D, 0x28, 0xC9, 0xA5, 0xE8, 0x36, 0x2E,
    0x53, 0x3B, 0x47, 0x68, 0xD1, 0xBC, 0x9F, 0xAD, 0xF7, 0x8A, 0xBD, 0x37, 0x5F, 0xB4, 0x7A, 0x95,
    0xF7, 0xEE, 0x6A, 0x3D, 0x07, 0x26, 0xA2, 0x37, 0x2A, 0x5A, 0xD8, 0x8C, 0x24, 0xBE, 0xB6, 0x38,
    0x9C, 0xE7, 0x3E, 0x22, 0x08, 0x0C, 0xC9, 0x24, 0x60, 0x63, 0x3E, 0x59, 0xAA, 0xB4, 0xE6, 0xDC,
    0xED, 0x7B, 0xAD, 0xE4, 0xD4, 0x8A, 0x50, 0xBD, 0xAD, 0xCC, 0x7D, 0x2B, 0xCA, 0x4B, 0x52, 0xE9,
    0xFD, 0xC6, 0xDE, 0x4D, 0xD5, 0xD8, 0xCB, 0x49, 0x1A, 0x17, 0x5E, 0xEA, 0x3A, 0x4B, 0x7C, 0xD4,
    0xBA, 0x94, 0x54, 0xE1, 0xB7, 0xE9, 0x99, 0x4C, 0xC2, 0xDB, 0x75, 0x43, 0x88, 0xCC, 0x51, 0x39,
    0x85, 0xAD, 0x6B, 0x5A, 0x70, 0x5C, 0x1C, 0x4E, 0x78, 0xB8, 0x1D, 0xAF, 0x4D, 0x38, 0xC6, 0x35,
    0x1E, 0x29, 0x1B, 0x15, 0x1A, 0x94, 0x9C, 0x16, 0x0D, 0x9F, 0x96, 0xDA, 0x87, 0x4F, 0xDC, 0xB4,
    0xA5, 0xF2, 0xBE, 0xCD, 0x78, 0xA2, 0x9A, 0xDD, 0x75, 0xA0, 0x99, 0xF4, 0xF5, 0x54, 0x95, 0x0D,
    0xE1, 0x7C, 0x52, 0x34, 0xE1, 0xCD, 0x23, 0xB4, 0x10, 0xBA, 0x29, 0xA6, 0xAE, 0x8E, 0x7B, 0x4D,
    0x3B, 0x33, 0xEF, 0x6D, 0xE0, 0xE4, 0xF5, 0xB9, 0x5B, 0xA9, 0x4F, 0xC9, 0xB3, 0x51, 0xE8, 0xCA,
    0x37, 0x51, 0x5B, 0x2D, 0x9B, 0x7F, 0x62, 0x64, 0xFA, 0x92, 0x4A, 0xB8, 0xE9, 0xA1, 0xB6, 0xC8,
    0xC6, 0xF3, 0x86, 0x47, 0x3D, 0xCE, 0x04, 0x70, 0x35, 0xCD, 0x77, 0x40, 0x27, 0xB3, 0x25, 0x69,
    0x46, 0xA4, 0x63, 0xA6, 0x9E, 0xF6, 0x6E, 0x4A, 0x12, 0x96, 0x8B, 0x5B, 0x91, 0x6B, 0x4E, 0xFD,
    0x17, 0xBC, 0x9F, 0xC2, 0x29, 0xAC, 0xF7, 0x1A, 0x0A, 0x98, 0x25, 0xDB, 0x9D, 0x15, 0x10, 0xD4,
    0x57, 0x1B, 0x94, 0x2D, 0xE2, 0x86, 0x63, 0x47, 0x4F, 0x13, 0x03, 0xD9, 0x8E, 0x87, 0xF1, 0x54,
    0x34, 0x38, 0x63, 0x3C, 0x61, 0x84, 0x8C, 0xE5, 0x38, 0xD1, 0xA2, 0xA3, 0xCA, 0xC9, 0xC2, 0x55,
    0x5C, 0xB9, 0x11, 0x81, 0xE5, 0x08, 0xDD, 0x3B, 0xBE, 0xDC, 0x98, 0x2A, 0x75, 0x36, 0x9C, 0xD6,
    0xB3, 0xEB, 0xFB, 0xF6, 0x83, 0xBF, 0x4F, 0x55, 0x72, 0xAE, 0xA8, 0xB4, 0x3E, 0xDD, 0x2B, 0x28,
    0xAE, 0x73, 0xBE, 0x4E, 0x1E, 0x6D, 0xD2, 0x48, 0x5C, 0xD6, 0xCF, 0xE6, 0x4F, 0x16, 0x03, 0x4B,
    0x86, 0x06, 0x3A, 0x66, 0x17, 0x84, 0xEC, 0xD5, 0xAF, 0xFC, 0x8A, 0xCE, 0xD3, 0x85, 0xD3, 0xBD,
    0xBF, 0x99, 0x1B, 0x33, 0xA6, 0x35, 0x8E, 0xE1, 0x72, 0x7E, 0xD1, 0x16, 0x6A, 0xCD, 0xB7, 0xD3,
    0x9B, 0xD7, 0xA3, 0x6D, 0xF5, 0x35, 0x6F, 0xA0, 0x86, 0xD3, 0x7E, 0x7D, 0xBA, 0xF3, 0xA7, 0xDF,
    0x24, 0xBC, 0x52, 0xB2, 0x67, 0xF1, 0x34, 0x34, 0x3D, 0xD9, 0x7B, 0x72, 0xD7, 0xB7, 0x00, 0x12,
    0x71, 0xC2, 0x93, 0x69, 0x49, 0xBB, 0xD9, 0x88, 0xA6, 0xE2, 0x95, 0xAE, 0x8D, 0xD7, 0x69, 0xF4,
    0xF6, 0x98, 0xDB, 0x8E, 0x56, 0x7C, 0xA0, 0xE8, 0xE8, 0x2E, 0xD5, 0x5B, 0x81, 0x60, 0xA3, 0xDB,
    0x6B, 0x8C, 0xF5, 0x42, 0xE1, 0x72, 0x33, 0xCD, 0x37, 0x45, 0x1B, 0xA6, 0xA4, 0x92, 0xA9, 0x9D,
    0x24, 0x8F, 0x2D, 0x1F, 0x1B, 0x7A, 0x5B, 0xD5, 0xD6, 0xD2, 0xA9, 0x26, 0xE5, 0x4E, 0x3C, 0x98,
    0x97, 0x8A, 0x51, 0x9C, 0xB9, 0x70, 0x34, 0xA8, 0xB5, 0xA6, 0x89, 0xD6, 0x3C, 0x84, 0xB7, 0xB6,
    0x4D, 0x17, 0xB7, 0x50, 0xED, 0xEC, 0x10, 0x5D, 0x2C, 0xCD, 0xA9, 0x86, 0x2B, 0xCD, 0x4D, 0xC7,
    0xBA, 0x5C, 0x6A, 0x5B, 0xC2, 0xE2, 0x67, 0x24, 0xB3, 0x00, 0x11, 0x81, 0xD7, 0x95, 0x6B, 0x49,
    0x55, 0x8D, 0xDD, 0xCA, 0xDD, 0x6A, 0xDD, 0x95, 0x8E, 0xD5, 0x79, 0xD1, 0x77, 0x5B, 0xA5, 0x8B,
    0x93, 0x8E, 0xA1, 0xB6, 0xEC, 0x3B, 0x37, 0x3A, 0x4B, 0x6E, 0x87, 0xB0, 0xBD, 0x97, 0xF9, 0x2F,
    0x73, 0x50, 0x8A, 0x17, 0xB1, 0x81, 0xE2, 0x3E, 0x01, 0x20, 0x88, 0xF0, 0xF4, 0x3F, 0x89, 0xED,
    0x70, 0xF2, 0xDD, 0x39, 0x03, 0x0B, 0x12, 0x69, 0x39, 0x2D, 0x2B, 0x62, 0xCC, 0x8D, 0x37, 0xA2,
    0xF4, 0x6F, 0x82, 0x39, 0xCE, 0x97, 0xBD, 0x69, 0xFB, 0x27, 0x2C, 0xAE, 0x50, 0x7A, 0x7E, 0x8B,
    0x5F, 0xD2, 0xD6, 0x5E, 0xF5, 0x65, 0x82, 0xBA, 0xD9, 0x61, 0xD5, 0xB5, 0x93, 0xC5, 0x0B, 0x1B,
    0x71, 0x9A, 0x38, 0x9F, 0xCC, 0x19, 0x63, 0x01, 0x8C, 0x2D, 0x7E, 0x63, 0x0E, 0x68, 0x1D, 0x31,
    0x00, 0x06, 0x48, 0x0A, 0xED, 0x37, 0x4E, 0x2E, 0xDB, 0x0A, 0x26, 0x95, 0x49, 0x2B, 0xED, 0x35,
    0x5D, 0xB4, 0xDB, 0x2D, 0x4F, 0xC9, 0x63, 0x65, 0x37, 0xC2, 0x6D, 0xD8, 0x6D, 0x3E, 0x9F, 0xA0,
    0xD4, 0xDA, 0x76, 0x4B, 0x3D, 0xA6, 0xC7, 0x3D, 0xC2, 0x19, 0xE6, 0xB8, 0xDC, 0x1E, 0x48, 0x8A,
    0x78, 0xE3, 0x8D, 0xEE, 0xC8, 0x8B, 0x25, 0xDC, 0x7D, 0x87, 0x23, 0xA9, 0x5A, 0x52, 0x55, 0x25,
    0x1D, 0x1E, 0x42, 0x23, 0x17, 0x08, 0xCB, 0x4B, 0x94, 0xBF, 0xD8, 0x29, 0x74, 0xDF, 0x27, 0xDE,
    0x4C, 0x96, 0x1B, 0xF6, 0xA3, 0xD6, 0xD3, 0xE8, 0x2D, 0x43, 0xAE, 0xB5, 0x0C, 0x17, 0x8A, 0x5A,
    0x8A, 0x7B, 0x3B, 0xEE, 0x32, 0x4F, 0x6F, 0xB6, 0x4C, 0xD7, 0x32, 0x27, 0x46, 0xD9, 0x18, 0x58,
    0xD7, 0xCE, 0x4B, 0xB8, 0x89, 0xC3, 0x9A, 0x40, 0xC1, 0xEB, 0x11, 0x3B, 0xCE, 0x6D, 0x25, 0x74,
    0xBF, 0x99, 0x31, 0xB4, 0x21, 0x76, 0xED, 0x73, 0x5D, 0xDC, 0x4D, 0x07, 0x6F, 0xD2, 0x3F, 0xC2,
    0x19, 0xB6, 0xB7, 0xAB, 0x01, 0x12, 0xE9, 0x3D, 0x65, 0xA9, 0x2C, 0x7A, 0xA6, 0xCF, 0x3B, 0x1B,
    0x86, 0xBE, 0x1A, 0xAA, 0xB8, 0x9E, 0xEC, 0x0E, 0xF6, 0x24, 0xE7, 0x30, 0xDE, 0xF0, 0xE1, 0x52,
    0xA4, 0xDD, 0x26, 0x9E, 0xD4, 0x43, 0x56, 0xA8, 0x9A, 0xE5, 0x3B, 0x75, 0x8B, 0x53, 0xE8, 0xDA,
    0xFE, 0x52, 0x5B, 0xE9, 0x1E, 0xDD, 0xE8, 0x96, 0xD9, 0xF7, 0xE6, 0xD4, 0x6E, 0x8F, 0xB2, 0xD7,
    0x5C, 0xAF, 0x13, 0x55, 0xD3, 0xDD, 0xE6, 0x0F, 0x7B, 0x6A, 0xB9, 0xB8, 0x30, 0xC6, 0xC7, 0x29,
    0x67, 0x13, 0x99, 0x19, 0x2F, 0x6F, 0x49, 0xC9, 0x01, 0xA4, 0xAC, 0x4D, 0x3D, 0x08, 0xE9, 0x3C,
    0x0C, 0x89, 0xAD, 0x29, 0x68, 0xAC, 0x4E, 0x31, 0xB4, 0xFB, 0x47, 0xAB, 0xF7, 0x7B, 0xF8, 0x3C,
    0xAF, 0x1A, 0x7B, 0x48, 0x58, 0xAA, 0x2F, 0x57, 0xA8, 0x77, 0x34, 0xD4, 0x49, 0x47, 0x13, 0x98,
    0xC7, 0x32, 0x36, 0xDB, 0x61, 0x6B, 0x9C, 0x78, 0xCB, 0x40, 0xC1, 0x73, 0x41, 0xE9, 0xEF, 0xAC,
    0x92, 0x92, 0x8D, 0x5B, 0xBD, 0xC5, 0x23, 0x17, 0x2A, 0x76, 0x5B, 0xCD, 0x6B, 0x96, 0x45, 0x54,
    0x7A, 0x6B, 0x69, 0x76, 0x37, 0x6D, 0xEF, 0x37, 0x5A, 0x5B, 0xC6, 0xE0, 0x69, 0x4B, 0x75, 0x70,
    0xBD, 0xBE, 0x9A, 0xA5, 0xB5, 0x3D, 0xC4, 0xC9, 0xA6, 0x63, 0xA9, 0xE9, 0x1F, 0x23, 0x49, 0x05,
    0xD1, 0xB1, 0xBC, 0x3C, 0x39, 0x3C, 0x21, 0xA3, 0x1D, 0x0E, 0x04, 0xCD, 0x3C, 0x65, 0x29, 0x2D,
    0x8C, 0xAD, 0x4C, 0x22, 0xA2, 0xF6, 0xA3, 0xE5, 0x02, 0x70, 0xB3, 0xED, 0x30, 0x11, 0xD6, 0xA7,
    0x60, 0x21, 0x54, 0x04, 0x01, 0x01, 0x04, 0xA1, 0x6B, 0x10, 0x84, 0x97, 0x60, 0x65, 0x6C, 0x18,
    0x89, 0x03, 0x08, 0x09, 0x42, 0x2E, 0x10, 0xA9, 0x20, 0x21, 0x36, 0x2A, 0x52, 0x4D, 0xC2, 0x82,
    0xA1, 0x58, 0x12, 0x02, 0x02, 0x50, 0x04, 0x00, 0x9C, 0x20, 0x29, 0x4B, 0x80, 0xAA, 0x02, 0x02,
    0x92, 0x50, 0x10, 0x80, 0x20, 0x04, 0xE1, 0x41, 0x36, 0x29, 0x27, 0x28, 0x58, 0x85, 0x17, 0x01,
    0x40, 0x08, 0x4D, 0x88, 0x25, 0x05, 0xC8, 0x42, 0x02, 0x00, 0x85, 0xAC, 0x41, 0x38, 0x40, 0x52,
    0x4E, 0x55, 0x40, 0x50, 0x02, 0x00, 0x97, 0x04, 0x12, 0xA0, 0x14, 0xA5, 0xC0, 0x50, 0x02, 0x00,
    0x4E, 0x10, 0x92, 0x92, 0x72, 0x85, 0x82, 0x00, 0xAB, 0x70, 0x61, 0xD6, 0x13, 0x6C, 0x90, 0x10,
    0x12, 0x80, 0x20, 0x08, 0x02, 0x00, 0x80, 0x20, 0x08, 0x02, 0x00, 0x80, 0x20, 0x08, 0x02, 0x00,
    0x80, 0x20, 0x08, 0x08, 0x25, 0x01, 0x08, 0x02, 0x00, 0x80, 0x20, 0x08, 0x02, 0x00, 0x80, 0x20,
    0x08, 0x02, 0x00, 0x80, 0x20, 0x08, 0x02, 0x00, 0x80, 0x20, 0x08, 0x02, 0x80, 0x14, 0x5C, 0x05,
    0x00, 0x20, 0x08, 0x0A, 0x80, 0xC2, 0xB8, 0x08, 0x02, 0x00, 0x80, 0x20, 0x08, 0x02, 0x00, 0x80,
    0x20, 0x08, 0x02, 0x00, 0x80, 0x20, 0x3D, 0x29, 0xE1, 0xEE, 0x89, 0x9B, 0x1F, 0x1B, 0x23, 0xCF,
    0xE3, 0x48, 0x70, 0xD1, 0xED, 0x95, 0x29, 0x5D, 0xD8, 0xAC, 0x9E, 0x8A, 0xB9, 0x7B, 0xE2, 0x37,
    0xE5, 0xD4, 0x5E, 0x1B, 0xEC, 0x59, 0x35, 0x7C, 0xE8, 0xC5, 0xAD, 0xFE, 0x17, 0xE8, 0x1E, 0x23,
    0xFE, 0x5D, 0x45, 0xE1, 0xBE, 0xC4, 0xD5, 0xF3, 0xA1, 0xAD, 0xFE, 0x17, 0xE8, 0x20, 0xD9, 0xF3,
    0xFE, 0xDD, 0x45, 0xE1, 0xBE, 0xC4, 0xD5, 0xF3, 0xA1, 0xAD, 0xFE, 0x17, 0xE8, 0x23, 0xC4, 0x5F,
    0xCB, 0xA8, 0xBC, 0x37, 0xD8, 0x9A, 0xBE, 0x74, 0x35, 0xBF, 0xC2, 0xFD, 0x03, 0xC4, 0x5F, 0xCB,
    0xA8, 0xBC, 0x37, 0xD8, 0x9A, 0xBE, 0x74, 0x35, 0xBF, 0xC2, 0xFD, 0x03, 0xC4, 0x5F, 0xCB, 0xA8,
    0xBC, 0x37, 0xD8, 0x9A, 0xBE, 0x74, 0x35, 0xBF, 0xC2, 0xFD, 0x03, 0xC4, 0x5F, 0xCB, 0xA8, 0xBC,
    0x37, 0xD8, 0x9A, 0xBE, 0x74, 0x35, 0xBF, 0xC2, 0xFD, 0x03, 0xC4, 0x5F, 0xCB, 0xA8, 0xBC, 0x37,
    0xD8, 0x9A, 0xBE, 0x74, 0x35, 0xBF, 0xC2, 0xFD, 0x03, 0xC4, 0x5F, 0xCB, 0xA8, 0xBC, 0x37, 0xD8,
    0x9A, 0xBE, 0x74, 0x35, 0xBF, 0xC2, 0xFD, 0x03, 0xC4, 0x5F, 0xCB, 0xA8, 0xBC, 0x37, 0xD8, 0x9A,
    0xBE, 0x74, 0x35, 0xBF, 0xC2, 0xFD, 0x03, 0xC4, 0x5F, 0xCB, 0xA8, 0xBC, 0x37, 0xD8, 0x9A, 0xBE,
    0x74, 0x35, 0xBF, 0xC2, 0xFD, 0x03, 0xC4, 0x5F, 0xCB, 0xA8, 0xBC, 0x37, 0xD8, 0x9A, 0xBE, 0x74,
    0x35, 0xBF, 0xC2, 0xFD, 0x05, 0x95, 0x44, 0x3D, 0xCF, 0x33, 0xA3, 0xE7, 0x19, 0x2E, 0x3F, 0x1E,
    0x33, 0x96, 0x9E, 0x8E, 0xF1, 0x58, 0xDA, 0xB3, 0xB1, 0x96, 0x2F, 0x49, 0x5C, 0xF3, 0x50, 0x58,
    0x20, 0x08, 0x02, 0x00, 0x80, 0x20, 0x08, 0x02, 0x8B, 0x80, 0xAA, 0x02, 0x00, 0x80, 0x20, 0x08,
    0x0A, 0x95, 0xC0, 0x40, 0x10, 0x04, 0x01, 0x00, 0x40, 0x10, 0x04, 0x01, 0x00, 0x40, 0x10, 0x04,
    0x01, 0x00, 0x40, 0x09, 0xC2, 0x02, 0x92, 0x72, 0x80, 0x20, 0x08, 0x02, 0x00, 0x80, 0x20, 0x08,
    0x02, 0x00, 0x80, 0x20, 0x08, 0x02, 0x00, 0x80, 0x20, 0x08, 0x02, 0x00, 0x80, 0x20, 0x0A, 0xB7,
    0x01, 0x40, 0x08, 0x02, 0x00, 0x80, 0x20, 0x08, 0x0A, 0x95, 0xC0, 0x40, 0x10, 0x04, 0x01, 0x00,
    0x40, 0x10, 0x04, 0x01, 0x00, 0x40, 0x10, 0x04, 0x01, 0x01, 0x04, 0xA0, 0x21, 0x00, 0x40, 0x10,
    0x04, 0x01, 0x00, 0x40, 0x10, 0x04, 0x01, 0x00, 0x40, 0x10, 0x04, 0x01, 0x00, 0x40, 0x10, 0x04,
    0x01, 0x00, 0x50, 0x02, 0x8B, 0x80, 0xA0, 0x04, 0x01, 0x00, 0x40, 0x10, 0x04, 0x01, 0x01, 0xFF,
    0xD9,
};
